Estimated Position_x,Estimated Position_y,Measured Position_x,Measured Position_y,Waypoints_x,Waypoints_y,Lidar_x,Lidar_y
0.2999999992,0.3000679156,0.2999999992,0.3000679156,0.2999999992,0.3000679156,-0.1026294670,0.5892192764
0.2999999992,0.3000679156,0.2999999992,0.3000679156,0.2999999992,1.3000679156,-0.0938603470,0.4218487846
0.2999999992,0.3000679156,0.3000000057,0.4975979702,1.2999999992,1.3000679156,0.0472655828,-0.0040548831
0.2999999992,0.3000679156,0.3000000071,0.5194952490,1.2999999992,0.3000679156,-0.0624806053,0.5945517786
0.2999999992,0.3857436081,0.3000000167,0.7141673738,0.2999999992,0.3000679156,0.0408265402,0.0087648504
0.2999999992,0.3857436081,0.3000000274,0.9327519768,0.2999999992,0.3000679156,-0.0622404149,0.6816873911
0.2999999992,0.3857436081,0.3300725209,1.1429275003,0.2999999992,1.3000679156,0.1107950909,0.1359956745
0.2999999992,0.3857436081,0.4577993085,1.2848547686,1.2999999992,1.3000679156,0.5918267323,0.0442165457
0.2999999992,0.3857436081,0.6417222093,1.3472359392,1.2999999992,0.3000679156,-0.0031963306,0.7314020329
0.2999999992,0.4955661198,0.836833365,1.3459459233,0.2999999992,0.3000679156,1.881668632,0.1969775944
0.2999999992,0.4955661198,1.0581801240,1.3552579579,0.2999999992,0.3000679156,-0.1598973418,0.7647313981
0.2999999992,0.4955661198,1.2520525018,1.2445548235,0.2999999992,1.3000679156,-0.0787750422,0.4085204693
0.2999999992,0.4955661198,1.3349750493,1.0724727262,1.2999999992,1.3000679156,0.0159253130,0.3000679156
0.2999999992,0.4955661198,1.3507712531,0.8669997706,1.2999999992,0.3000679156,-0.0083914148,1.7109461028
0.2999999992,0.6918172976,1.3723001161,0.6518960493,0.2999999992,0.3000679156,1.2138582476,-0.0897104497
0.2999999992,0.6918172976,1.2763172777,0.4686103181,0.2999999992,0.3000679156,0.0320120907,0.9659848164
0.2999999992,0.6918172976,1.110149794,0.3743936918,0.2999999992,1.3000679156,1.8101979728,0.4534618189
0.2999999992,0.6918172976,0.9046745937,0.3300828582,1.2999999992,1.3000679156,-0.0329148632,0.1863170672
0.2999999992,0.6918172976,0.7040205444,0.2614017667,1.2999999992,0.3000679156,0.,0.
0.2999999992,0.8910877367,0.5172835968,0.2589222016,0.2999999992,0.3000679156,-0.0432983421,0.5970508561
0.2999999992,0.8910877367,0.3932040352,0.2472865782,0.2999999992,0.3000679156,0.8248999718,-0.0688345245
0.2999999992,0.8910877367,0.3258157846,0.2681449901,0.2999999992,1.3000679156,1.8006520614,1.8155484894
0.2999999992,0.8910877367,0.3315115885,0.2645511886,1.2999999992,1.3000679156,-0.012383894,0.1106962584
0.2999999992,0.8910877367,0.3033938819,0.2684525288,1.2999999992,0.3000679156,1.8476071451,0.4664848619
0.2999999992,0.8910877367,0.3620138496,0.2616729469,0.2999999992,0.3000679156,-0.1418944307,0.8514268
0.3204839357,1.1090209801,0.2522740717,0.2744061959,0.2999999992,0.3000679156,0.9967485846,-0.0770495869
0.3204839357,1.1090209801,0.4077811533,0.2544320563,0.2999999992,1.3000679156,0.1355241420,0.2476989466
0.3204839357,1.1090209801,0.2373787117,0.2750976725,1.2999999992,1.3000679156,1.1890706658,1.8320811435
0.3204839357,1.1090209801,0.3692950340,0.2563883015,1.2999999992,0.3000679156,0.8084013811,-0.0680457431
0.3204839357,1.1090209801,0.1989145878,0.2772902647,0.2999999992,0.3000679156,1.8415809077,-0.1132466866
0.4486458155,1.2590889785,0.3489075559,0.2562762126,0.2999999992,0.3000679156,0.1281853912,0.3054038056
0.4486458155,1.2590889785,0.178549956,0.2774171833,0.2999999992,1.3000679156,-0.1077934144,0.2230386099
0.4486458155,1.2590889785,0.2923320168,0.2604179435,1.2999999992,1.3000679156,-0.0726841990,0.4780537026
0.4486458155,1.2590889785,0.1400872031,0.2796612623,1.2999999992,0.3000679156,0.,0.
0.4486458155,1.2590889785,0.3081148488,0.2559994839,0.2999999992,0.3000679156,0.4073946831,0.0769612348
0.6400456909,1.3000679156,0.1378053674,0.2776267519,0.2999999992,0.3000679156,0.0485911459,0.0097515345
0.6400456909,1.3000679156,0.2924362753,0.2606072671,0.2999999992,1.3000679156,-0.0688790431,0.4206686194
0.6400456909,1.3000679156,0.1221384155,0.2823581067,1.2999999992,1.3000679156,0.0311174989,0.1757919753
0.6400456909,1.3000679156,0.3061252795,0.2618292515,1.2999999992,0.3000679156,0.0245822197,0.0066995217
0.6400456909,1.3000679156,,,0.2999999992,0.3000679156,0.0922503248,0.2831543423
0.8404798988,1.3000679156,,,0.2999999992,0.3000679156,0.0287414123,0.3176758017
0.8404798988,1.3000679156,,,0.2999999992,1.3000679156,0.1095324091,0.1458757571
0.8404798988,1.3000679156,,,1.2999999992,1.3000679156,0.1128148549,0.1196176986
0.8404798988,1.3000679156,,,1.2999999992,0.3000679156,-0.0017878267,0.6593010634
0.8404798988,1.3000679156,,,0.2999999992,0.3000679156,-0.0298374441,0.3412222214
1.0596628506,1.2940753035,,,0.2999999992,0.3000679156,0.,0.
1.0596628506,1.2940753035,,,0.2999999992,1.3000679156,0.0563710762,0.0931441653
1.0596628506,1.2940753035,,,1.2999999992,1.3000679156,0.0765783101,0.2442268456
1.0596628506,1.2940753035,,,1.2999999992,0.3000679156,0.,0.
1.0596628506,1.2940753035,,,0.2999999992,0.3000679156,-0.1591566140,0.4494515260
1.2285307523,1.1944224752,,,,,-0.0765324860,0.4341262807
1.2285307523,1.1944224752,,,,,0.517738589,2.0019741393
1.2285307523,1.1944224752,,,,,-0.0019434779,0.5668894415
1.2285307523,1.1944224752,,,,,-0.0616053794,0.7088116912
1.2285307523,1.1944224752,,,,,-0.1155749200,0.3466181041
1.2999084903,1.0074771615,,,,,0.,0.
1.2999084903,1.0074771615,,,,,-0.1457944908,0.8787436315
1.2999084903,1.0074771615,,,,,1.2873883774,-0.0999027632
1.2999084903,1.0074771615,,,,,2.0401513844,1.2567336508
1.2999084903,1.0074771615,,,,,0.0843100317,0.1820901222
1.2999084903,1.0074771615,,,,,-0.0870927154,0.2384311879
1.2999999992,0.7907123204,,,,,-0.0299679784,0.2542284376
1.2999999992,0.7907123204,,,,,0.0844405752,0.1570343527
1.2999999992,0.7907123204,,,,,1.5828642317,-0.1498520951
1.2999999992,0.7907123204,,,,,0.6682828879,-0.0321363204
1.2999999992,0.7907123204,,,,,1.8726536223,0.1277142656
1.2998659255,0.5910998471,,,,,0.0786856193,0.3909870281
1.2998659255,0.5910998471,,,,,0.0099241458,0.0282957134
1.2998659255,0.5910998471,,,,,0.0030567234,0.8492943274
1.2998659255,0.5910998471,,,,,-0.0034167962,1.3494422836
1.2998659255,0.5910998471,,,,,0.0246170228,0.0067492259
1.2292757779,0.4065928079,,,,,-0.1111719156,0.3618711548
1.2292757779,0.4065928079,,,,,1.8986052561,-0.0335513887
1.2292757779,0.4065928079,,,,,-0.002071026,0.8015688375
1.2292757779,0.4065928079,,,,,0.,0.
1.2292757779,0.4065928079,,,,,0.1895901675,0.1309418973
1.0424697322,0.3030892601,,,,,1.6378092397,1.9323278024
1.0424697322,0.3030892601,,,,,2.0108032782,1.1459823445
1.0424697322,0.3030892601,,,,,-0.1277521359,0.5066167911
1.0424697322,0.3030892601,,,,,-0.0639798327,0.3309665138
1.0424697322,0.3030892601,,,,,0.0225912362,0.8252687695
0.8426535086,0.3000679156,,,,,-0.031908112,0.1166773243
0.8426535086,0.3000679156,,,,,-0.0314741767,0.6877212342
0.8426535086,0.3000679156,,,,,0.0722553773,0.4421023007
0.8426535086,0.3000679156,,,,,-0.0465946114,0.3899391771
0.8426535086,0.3000679156,,,,,0.035841365,0.1371489371
0.8426535086,0.3000679156,,,,,-0.1089232374,0.4167688387
0.6222811178,0.3000679156,,,,,0.0903373049,0.1336237081
0.6222811178,0.3000679156,,,,,-0.0566884097,0.4723281841
0.6222811178,0.3000679156,,,,,0.,0.
0.6222811178,0.3000679156,,,,,-0.002930952,0.9020038655
0.6222811178,0.3000679156,,,,,0.9568890279,-0.0541844877
0.4609834407,0.3000679156,,,,,-0.1020618876,0.3000679156
0.4609834407,0.3000679156,,,,,-0.1364031214,0.5761733385
0.4609834407,0.3000679156,,,,,1.6769636143,0.1106816738
0.4609834407,0.3000679156,,,,,-0.1729736935,0.5617628631
0.4609834407,0.3000679156,,,,,-0.0061969796,1.4831702919
0.3513699505,0.3000679156,,,,,-0.0525699550,0.2027710325
0.3513699505,0.3000679156,,,,,-0.0043950004,1.2684141981
0.3513699505,0.3000679156,,,,,-0.1126889303,0.3855100699
0.3513699505,0.3000679156,,,,,1.2794794202,-0.0905651412
0.3513699505,0.3000679156,,,,,-0.0048630883,1.1155521533
0.3513699505,0.3000679156,,,,,1.8935712993,0.2894595262
0.2999999992,0.3000679156,,,,,1.3588599304,-0.1210219373
0.2999999992,0.3000679156,,,,,0.0780482165,0.2324144448
0.2999999992,0.3000679156,,,,,-0.1523623678,0.7722481249
0.2999999992,0.3000679156,,,,,0.6601212325,1.9645662201
0.2999999992,0.3000679156,,,,,-0.0043954302,0.9623412239
0.2999999992,0.3000679156,,,,,1.0923390796,-0.0729237104
0.2999999992,0.3000679156,,,,,1.4193933410,-0.1288134365
0.2999999992,0.3000679156,,,,,0.0829259958,0.1932120672
0.2999999992,0.3000679156,,,,,-0.0056997201,0.0559927943
0.2999999992,0.3000679156,,,,,1.1757627549,1.8358162765
0.2999999992,0.3000679156,,,,,-0.0800115575,0.4380943172
0.2999999992,0.3000679156,,,,,0.0364891088,0.1318508964
0.2999999992,0.3000679156,,,,,0.0741086808,0.2640774818
0.2999999992,0.3000679156,,,,,1.0546275439,-0.0818628256
0.2999999992,0.3000679156,,,,,-0.0251992862,0.7352319801
0.2999999992,0.3000679156,,,,,0.1331070346,0.2667049083
0.2999999992,0.3000679156,,,,,1.7691138465,0.3480131917
0.2999999992,0.3000679156,,,,,-0.1018004005,0.3585734179
0.2999999992,0.3000679156,,,,,0.0648872333,0.3381872934
0.2999999992,0.3000679156,,,,,0.0879275019,0.1529469851
0.2999999992,0.3000679156,,,,,-0.0502778311,0.6340727273
0.2999999992,0.3000679156,,,,,-0.0709946235,0.3371030119
0.2999999992,0.3000679156,,,,,-0.0150373893,0.5538125127
0.2999999992,0.3000679156,,,,,0.0855931946,0.3360726634
0.2999999992,0.3000679156,,,,,-0.177607121,0.9784437826
0.2999999992,0.3000679156,,,,,-0.0671983011,0.3524721196
0.2999999992,0.3000679156,,,,,-0.0021466804,0.7004161236
0.2999999992,0.3000679156,,,,,-0.0300290469,0.1041213591
0.2999999992,0.3000679156,,,,,-0.2163780134,0.9144573893
0.2999999992,0.3000679156,,,,,0.038010847,0.5548472724
0.2999999992,0.3000679156,,,,,-0.0712226254,0.5909562682
0.2999999992,0.3000679156,,,,,0.407306863,1.9917225647
0.2999999992,0.3000679156,,,,,1.8645590282,0.5374873540
0.2999999992,0.3000679156,,,,,-0.0017878514,1.1646452087
0.2999999992,0.3000679156,,,,,0.,0.
0.2999999992,0.3000679156,,,,,-0.0726862044,0.602755231
0.2999999992,0.3000679156,,,,,0.1306402525,0.2861037807
0.2999999992,0.3000679156,,,,,-0.0603248511,0.7535142735
0.2999999992,0.3000679156,,,,,0.9315261141,1.0165846611
0.2999999992,0.3000679156,,,,,0.124504934,0.3343454258
0.2999999992,0.3000679156,,,,,1.1610523689,-0.0849038910
0.2999999992,0.3000679156,,,,,-0.0356185404,0.0523737487
0.2999999992,0.3000679156,,,,,0.8630235383,-0.0411916135
0.2999999992,0.3000679156,,,,,0.0451263014,0.1845456721
0.2999999992,0.3000679156,,,,,1.1705221154,-0.0967769209
0.2999999992,0.3000679156,,,,,1.3330512049,-0.0931262720
0.2999999992,0.3000679156,,,,,-0.0019974313,0.5976382782
0.2999999992,0.3000679156,,,,,-0.0058024707,1.0258616816
0.2999999992,0.3000679156,,,,,-0.0675619157,0.0025049077
0.2999999992,0.3000679156,,,,,0.0172888744,0.2889201718
0.2999999992,0.3000679156,,,,,0.0186417184,0.2778532128
0.2999999992,0.3000679156,,,,,-0.1193270986,0.5017525798
0.2999999992,0.3000679156,,,,,-0.1205702822,0.4488765597
0.2999999992,0.3000679156,,,,,-0.0176868104,0.5751530698
0.2999999992,0.3000679156,,,,,-0.0772844372,0.4255402225
0.2999999992,0.3000679156,,,,,0.1535125801,2.0276366803
0.2999999992,0.3000679156,,,,,1.2304759171,1.8205000534
0.2999999992,0.3000679156,,,,,1.8242764971,0.4897848740
0.2999999992,0.3000679156,,,,,0.0563903568,1.0636766134
0.2999999992,0.3000679156,,,,,0.0015457923,0.0943661147
0.2999999992,0.3000679156,,,,,-0.0646960213,0.3103589514
0.2999999992,0.3000679156,,,,,0.0713577716,0.2861884865
0.2999999992,0.3000679156,,,,,0.6013325931,0.0410588453
0.2999999992,0.3000679156,,,,,-0.1171065662,0.1076630675
0.2999999992,0.3000679156,,,,,-0.0657780558,0.5431443055
0.2999999992,0.3000679156,,,,,0.0696302155,0.3000679156
0.2999999992,0.3000679156,,,,,-0.0995925644,0.3405368893
0.2999999992,0.3000679156,,,,,-0.0581336425,0.0016956742
0.2999999992,0.3000679156,,,,,0.1671191983,0.1365759539
0.2999999992,0.3000679156,,,,,0.0699794673,0.4600890353
0.2999999992,0.3000679156,,,,,0.,0.
0.2999999992,0.3000679156,,,,,-0.0550084448,0.5392191887
0.2999999992,0.3000679156,,,,,-0.0411503196,0.6708861109
0.2999999992,0.3000679156,,,,,0.8965243495,0.8141696435
0.2999999992,0.3000679156,,,,,0.8892260587,1.0133178756
0.2999999992,0.3000679156,,,,,1.2538653165,-0.0952526268
0.2999999992,0.3000679156,,,,,-0.0280777783,0.0910799719
0.2999999992,0.3000679156,,,,,-0.0628305936,0.6564993522
0.2999999992,0.3000679156,,,,,0.1172530358,0.3913689034
0.2999999992,0.3000679156,,,,,0.,0.
0.2999999992,0.3000679156,,,,,0.0073381523,0.0045843348
0.2999999992,0.3000679156,,,,,0.3504636586,0.0910790335
0.2999999992,0.3000679156,,,,,0.,0.
0.2999999992,0.3000679156,,,,,-0.1364718945,0.6418096875
0.2999999992,0.3000679156,,,,,0.6371047682,0.0293020087
0.2999999992,0.3000679156,,,,,-0.0715709142,0.1116249467
0.2999999992,0.3000679156,,,,,-0.0601134839,0.3051318771
0.2999999992,0.3000679156,,,,,-0.0026756837,1.0644918687
0.2999999992,0.3000679156,,,,,1.8450837926,-0.0874052173
0.2999999992,0.3000679156,,,,,-0.1103280968,0.6403972617
0.2999999992,0.3000679156,,,,,0.3074093539,0.1017740256
0.2999999992,0.3000679156,,,,,-0.0613769697,0.0283535403
0.2999999992,0.3000679156,,,,,-0.0890091163,0.2916895947
0.2999999992,0.3000679156,,,,,0.6063256416,-0.0057254715
0.2999999992,0.3000679156,,,,,-0.0664594040,0.3260048135
0.2999999992,0.3000679156,,,,,-0.0016799081,0.0035298597
0.2999999992,0.3000679156,,,,,-0.0663006696,0.0685717219
0.2999999992,0.3000679156,,,,,-0.0864052168,0.2328137488
,,,,,,-0.0585411998,0.4874493137
,,,,,,0.0754747618,0.4165113999
,,,,,,0.,0.
,,,,,,1.8763841234,0.5866718365
,,,,,,-0.0024729342,0.8476256086
,,,,,,-0.0412791233,0.1792863501
,,,,,,0.0572625056,0.0597411797
,,,,,,-0.0939452614,0.2944134168
,,,,,,0.1148722879,0.1494555977
,,,,,,0.6580259893,-0.0607261093
,,,,,,-0.0618115717,0.2847746833
,,,,,,0.0507703545,0.1386882623
,,,,,,0.0277916411,0.0002802183
,,,,,,0.0070710972,0.3725020877
,,,,,,1.3543663854,1.7855999099
,,,,,,-0.0071557023,1.3657320291
,,,,,,-0.0021466804,1.0064898131
,,,,,,1.5802869801,-0.1049449611
,,,,,,0.0536918098,0.428163709
,,,,,,2.0516238785,1.3209334841
,,,,,,-0.0976687813,0.5560716424
,,,,,,1.8236830408,0.3668664258
,,,,,,0.1135900128,0.1137720136
,,,,,,-0.0439527849,0.3683721824
,,,,,,-0.0531661800,0.2080614166
,,,,,,-0.1250120993,0.8467413920
,,,,,,-0.1757297485,0.5841638071
,,,,,,0.0531192262,0.5944485625
,,,,,,-0.0631945140,0.325719172
,,,,,,0.0423238214,0.0841702979
,,,,,,0.5486297471,0.0330856865
,,,,,,0.,0.
,,,,,,-0.0074867144,0.0707288379
,,,,,,1.8542513335,-0.0148017318
,,,,,,1.270431389,-0.0975663268
,,,,,,-0.0034209537,0.8583955473
,,,,,,-0.0821398623,0.4523091082
,,,,,,1.3222841272,-0.0926115114
,,,,,,-0.1530907718,0.7108840514
,,,,,,-0.0935082241,0.2313039544
,,,,,,-0.0015928897,1.1423020382
,,,,,,-0.0685145635,0.5688525616
,,,,,,-0.0274691894,0.3225936037
,,,,,,1.244715603,1.8163945034
,,,,,,-0.0025346026,0.4510780969
,,,,,,-0.1377755234,0.8253083045
,,,,,,0.0042564432,0.7617687751
,,,,,,0.0430511405,0.2258801161
,,,,,,1.4836913763,1.9366862642
,,,,,,-0.0558002981,0.4650752607
,,,,,,0.040541938,0.0083265991
,,,,,,0.6068507849,1.9634761533
,,,,,,0.0315407473,0.0754625400
,,,,,,0.8831771271,-0.0439809948
,,,,,,0.9896685872,1.0002079177
,,,,,,-0.0830969253,0.4736208593
,,,,,,-0.0655506702,0.5521212792
,,,,,,0.091038921,0.292785257
,,,,,,0.0715334771,0.447840858
,,,,,,-0.0050834089,1.0545018787
,,,,,,1.0935802747,-0.0816785709
,,,,,,0.9330488696,-0.0662148201
,,,,,,-0.1834608119,0.6470038799
,,,,,,0.,0.
,,,,,,-0.0016014454,0.1191204574
,,,,,,0.2794335723,0.1107380356
,,,,,,-0.003988795,0.9238439214
,,,,,,-0.0780317848,0.4170068297
,,,,,,-0.0186955601,0.1622133312
,,,,,,0.1224885665,0.3502014535
,,,,,,0.0049992763,0.0670719710
,,,,,,0.3386009878,0.0312244647
,,,,,,-0.0031963306,0.8170777255
,,,,,,-0.0761378407,0.7063283791
,,,,,,-0.036491472,0.0601170900
,,,,,,1.744195452,1.8256372136
,,,,,,-0.1552439110,0.9412249482
,,,,,,-0.0759604475,0.1409737528
,,,,,,-0.0549308456,0.2237207388
,,,,,,-0.0549349115,0.4580103565
,,,,,,-0.0987921661,0.4384581475
,,,,,,-0.0563571588,0.2800438254
,,,,,,0.0316706464,0.1712709481
,,,,,,-0.0008403029,0.1131365163
,,,,,,-0.0761534073,0.1333515917
,,,,,,0.0041118717,0.0741789584
,,,,,,0.1189775083,0.377806937
,,,,,,1.4325935822,-0.0978847839
,,,,,,0.0472499264,0.1672918054
,,,,,,1.311328289,1.9415628143
,,,,,,0.5912785958,0.0207736197
,,,,,,-0.2101179571,0.8633956751
,,,,,,0.1389319483,0.2209033991
,,,,,,1.0693224657,-0.0837538591
,,,,,,-0.1106454062,0.4308297704
,,,,,,1.0848549014,1.0847318043
,,,,,,1.1905818849,-0.0865078211
,,,,,,-0.0026764213,0.8682414285
,,,,,,0.0674249069,1.6250585732
,,,,,,-0.1091369011,0.7042372099
,,,,,,-0.069049702,0.4139264472
,,,,,,1.9927346541,0.9913883407
,,,,,,-0.082220244,0.1986211554
,,,,,,0.0852831708,0.1742670707
,,,,,,-0.0021466804,0.8102386353
,,,,,,-0.0021466804,0.6147404311
,,,,,,-0.1282201809,0.8733430584
,,,,,,0.0992399576,0.2275862386
,,,,,,0.0295108323,0.1889346454
,,,,,,0.7607746089,-0.0117259719
,,,,,,0.8347661154,-0.0535646679
,,,,,,0.,0.
,,,,,,1.0370284770,1.0975467895
,,,,,,1.1752781382,-0.0843828591
,,,,,,0.1347709260,0.2536214681
,,,,,,1.8596397039,0.5808515128
,,,,,,0.,0.
,,,,,,0.0399651410,0.1032803199
,,,,,,0.1340442246,0.2593369995
,,,,,,-0.0615347845,0.5118809888
,,,,,,0.8488900394,1.91505179
,,,,,,-0.0629588445,0.294954288
,,,,,,1.1277237375,-0.0833106936
,,,,,,1.0542160071,-0.0676494749
,,,,,,-0.0698404885,0.5796746776
,,,,,,-0.0757706577,0.1484703259
,,,,,,0.1121437871,0.1253380342
,,,,,,-0.1552481933,0.7279310651
,,,,,,0.,0.
,,,,,,2.0150487104,1.1162585261
,,,,,,0.0133272076,0.7931816351
,,,,,,-0.0496908986,0.2354960276
,,,,,,-0.1407560292,0.6111701937
,,,,,,0.0326080178,0.2862648912
,,,,,,-0.0927284123,0.2492276314
,,,,,,1.0984877970,-0.0875070104
,,,,,,-0.0755783115,0.1443675653
,,,,,,0.8199328756,-0.0352874131
,,,,,,0.1702368515,0.0633452701
,,,,,,1.3710742643,1.7781132930
,,,,,,1.9049572579,0.7054163360
,,,,,,-0.1043950646,0.4158579205
,,,,,,-0.0023047628,0.8283545787
,,,,,,-0.0714641703,0.3185592116
,,,,,,-0.0025612129,0.7479224766
,,,,,,0.0227153622,0.2445260285
,,,,,,0.0112092726,0.3386467159
,,,,,,0.0788057211,0.2263253403
,,,,,,-0.0388530530,0.1630800701
,,,,,,0.0296160047,0.3105696203
,,,,,,0.0904292828,0.2976316939
,,,,,,0.9487376246,-0.0682338103
,,,,,,0.0703246496,0.2944919164
,,,,,,0.2336475325,0.0577906292
,,,,,,0.8558873849,0.974114988
,,,,,,-0.0032330184,0.744528288
,,,,,,-0.0030659409,0.9142024243
,,,,,,0.5616932334,0.0542825143
,,,,,,0.4356478879,1.9877100766
,,,,,,-0.0075494717,1.4105492003
,,,,,,-0.0678099445,0.4628936085
,,,,,,0.1157851433,0.4029077882
,,,,,,2.0400399467,1.267657021
,,,,,,-0.0308513193,0.0103620354
,,,,,,-0.1182702947,0.4931178307
,,,,,,1.9986271906,1.0952435327
,,,,,,0.8124072385,1.9246406466
,,,,,,-0.0876875599,0.5143515213
,,,,,,0.0326161971,0.0074329521
,,,,,,1.8592549626,-0.118280897
,,,,,,-0.0445989364,0.3736466588
,,,,,,-0.0560913296,0.2340183681
,,,,,,0.0403398872,0.2234400582
,,,,,,-0.14646508,0.3462921242
,,,,,,0.0351014021,0.5784132883
,,,,,,-0.0079590927,1.2644438071
,,,,,,-0.0032332247,0.940026747
,,,,,,-0.069551704,0.3940973198
,,,,,,-0.0019257466,0.7849269977
,,,,,,-0.0806445097,0.1278743719
,,,,,,0.0518154126,0.0149114670
,,,,,,0.0848881628,0.3416781676
,,,,,,0.0032349451,0.0810826613
,,,,,,0.,0.
,,,,,,0.1410150441,0.2046428671
,,,,,,-0.003750083,0.0404611262
,,,,,,-0.0079580642,1.3501165127
,,,,,,-0.1378035007,0.5874284221
,,,,,,0.1057518237,0.1758192837
,,,,,,1.3267855233,1.9411256259
,,,,,,0.0359844599,0.2588285403
,,,,,,0.0070025833,0.8647224890
,,,,,,0.1695765078,2.0253580342
,,,,,,-0.1281430271,0.1973718022
,,,,,,-0.1214237662,0.3471780608
,,,,,,1.2164060877,1.8244214262
,,,,,,0.0730736316,0.2723974969
,,,,,,-0.0672394469,0.4854273312
,,,,,,0.4785582960,0.0532919130
,,,,,,-0.1040800142,0.3771965506
,,,,,,1.6439932848,1.8435431483
,,,,,,0.2279057003,0.0582940309
,,,,,,0.6196553829,0.0350246322
,,,,,,-0.0048628860,1.0057292767
,,,,,,0.1073982650,0.4688155079
,,,,,,0.7671626943,-0.0138448647
,,,,,,1.2960204146,-0.1010426963
,,,,,,0.,0.
,,,,,,0.137418597,0.2328033817
,,,,,,-0.0028026229,1.2858026514
,,,,,,-0.0050848972,1.5598489282
,,,,,,-0.0016563748,0.6442384381
,,,,,,-0.1407781144,0.3000679156
,,,,,,0.1293115828,0.2965517904
,,,,,,0.9081690096,1.0171171411
,,,,,,-0.0367258585,0.3093822096
,,,,,,-0.0719676201,0.672968457
,,,,,,-0.0839664149,0.4813370218
,,,,,,2.0178175311,1.1317527836
,,,,,,-0.0860839036,0.3250700142
,,,,,,1.6631667215,1.9316492448
,,,,,,0.0909801818,0.1283920077
,,,,,,0.0050966332,0.5097944352
,,,,,,-0.0956456778,0.2484905846
,,,,,,-0.0769918816,0.4179113595
,,,,,,-0.0895936093,0.0861006634
,,,,,,0.5205822322,1.9756861514
,,,,,,1.7338012040,0.2569183927
,,,,,,-0.0323041624,0.3606257495
,,,,,,-0.0541328869,0.2651807015
,,,,,,0.1854376887,2.0231202344
,,,,,,0.8003951967,1.9277367375
,,,,,,0.0364932380,0.5664083575
,,,,,,-0.0771734795,0.0930621844
,,,,,,-0.0408401923,0.3429648897
,,,,,,0.1088294830,1.9168925989
,,,,,,0.4037898701,0.1066526073
,,,,,,-0.0047065753,0.0483749611
,,,,,,0.7078326209,-0.0372249372
,,,,,,1.1676753381,-0.0833418689
,,,,,,-0.0769613574,0.1014410737
,,,,,,1.1937721261,-0.0864680135
,,,,,,1.4440840063,-0.0984340213
,,,,,,-0.0600946066,0.5388551836
,,,,,,0.8310742215,-0.0368269819
,,,,,,0.7753505814,1.9396445957
,,,,,,0.0946524112,0.0994058752
,,,,,,0.8283962871,-0.0341265165
,,,,,,1.0823187596,1.8537841746
,,,,,,1.0149808174,-0.0622369558
,,,,,,0.0023523164,0.4110994082
,,,,,,0.2644021016,0.1150790621
,,,,,,0.5508832965,0.0577633639
,,,,,,-0.0050840042,1.3605767365
,,,,,,1.8801721607,0.6024213365
,,,,,,-0.1948059724,0.7399690294
,,,,,,0.9481765714,-0.0529772642
,,,,,,-0.0018559482,0.6671044082
,,,,,,-0.0036614146,0.9835189083
,,,,,,0.0328284283,0.0077475993
,,,,,,0.6243376001,-0.0082278495
,,,,,,0.854227151,0.8733818434
,,,,,,1.0386874510,-0.0655182791
,,,,,,-0.0703621141,0.3620879166
,,,,,,0.8499662006,1.0739903028
,,,,,,-0.0029306927,0.7921810659
,,,,,,2.0345131299,1.2251821859
,,,,,,0.8501641950,0.9511117235
,,,,,,-0.1543363356,0.4102748578
,,,,,,0.0359672986,0.0012822363
,,,,,,-0.0595993254,0.627436469
,,,,,,0.8719560607,0.8415309409
,,,,,,0.0565931947,1.5485052435
,,,,,,-0.1057150969,0.3294392497
,,,,,,0.8863488297,1.9052285842
,,,,,,-0.0166985003,0.1459131361
,,,,,,0.3300110937,0.1311688978
,,,,,,-0.1473019278,0.3530943689
,,,,,,0.,0.
,,,,,,-0.0329398086,0.3656263323
,,,,,,1.2376445245,-0.0929854278
,,,,,,-0.0036605037,1.1797688323
,,,,,,0.0482429312,0.0091942716
,,,,,,0.8525861530,-0.0397995375
,,,,,,0.,0.
,,,,,,1.5669621980,-0.1043080515
,,,,,,-0.0760916685,0.4114764545
,,,,,,0.5010930952,0.0468328423
,,,,,,0.3867118855,0.1123288717
,,,,,,0.,0.
,,,,,,-0.1436161076,0.7007236789
,,,,,,0.4872430872,-0.0524769786
,,,,,,-0.1071845534,0.02702036
,,,,,,0.0607057407,0.0183134178
,,,,,,-0.0032418929,0.0612494309
,,,,,,-0.0292372863,0.3365014264
,,,,,,1.6604129693,0.0677009053
,,,,,,1.8553689319,0.5698136833
,,,,,,1.2134969009,-0.1023077443
,,,,,,-0.023625933,0.0617782539
,,,,,,-0.0218038022,0.2780378857
,,,,,,0.5820642141,0.0474699607
,,,,,,1.6516346295,0.0451099756
,,,,,,-0.0033490398,0.5781636236
,,,,,,0.6362431966,1.9593165917
,,,,,,0.4373423218,0.0652797811
,,,,,,0.0656554055,0.3320133451
,,,,,,0.8830810115,1.0120872111
,,,,,,-0.0577239876,0.1925073004
,,,,,,-0.0756872072,0.6278785714
,,,,,,-0.0318411845,0.0192765433
,,,,,,1.3008422909,-0.0915865606
,,,,,,-0.0920733496,0.2197658153
,,,,,,0.2554850032,0.1146085808
,,,,,,-0.0439077208,0.4518978678
,,,,,,0.0477290869,0.4760855221
,,,,,,0.,0.
,,,,,,-0.0055754934,1.1920870387
,,,,,,0.0408044005,0.0087307581
,,,,,,0.7561524311,-0.0655481329
,,,,,,-0.1110791464,0.3725667006
,,,,,,0.0368362088,0.2519066562
,,,,,,0.1288639853,0.3000679156
,,,,,,-0.1382193654,0.2682594595
,,,,,,0.3499057481,0.1245596665
,,,,,,-0.1439401509,0.6367662997
,,,,,,0.0446178476,0.188678762
,,,,,,1.9309794706,1.7921082652
,,,,,,1.0839394172,-0.0856347746
,,,,,,-0.1489998869,0.3668959807
,,,,,,0.2037431258,0.0604101929
,,,,,,-0.0867220231,0.4829279775
,,,,,,-0.1006245435,0.2885222251
,,,,,,-0.0413184179,0.1029429379
,,,,,,-0.040479403,0.173940963
,,,,,,0.0861653724,0.0590093112
,,,,,,0.8597898418,1.9276947570
,,,,,,-0.0139275972,0.2160766969
,,,,,,0.0081489889,0.3636828259
,,,,,,-0.1399483418,0.6700176154
,,,,,,0.2166160271,2.0186996219
,,,,,,0.9516152238,1.8880875875
,,,,,,0.0385292224,0.1151660713
,,,,,,-0.0789838438,0.4312241178
,,,,,,0.046800872,0.9091326145
,,,,,,0.3897949789,0.0790238154
,,,,,,1.8206293440,1.8119785634
,,,,,,-0.0193417866,0.1674901708
,,,,,,0.0891939771,0.3074472638
,,,,,,-0.1667298144,0.5110134808
,,,,,,-0.0932027046,0.4610054996
,,,,,,-0.0065980232,0.0634690241
,,,,,,0.0822321949,0.3627917908
,,,,,,-0.1204116224,0.5106170628
,,,,,,-0.002071026,0.6060706333
,,,,,,0.,0.
,,,,,,1.4792861174,-0.1001167716
,,,,,,-0.0141463807,0.0091043843
,,,,,,1.9603124874,0.8099541323
,,,,,,-0.0838582680,0.1537130121
,,,,,,0.1406267358,0.2075188444
,,,,,,-0.0071560014,1.7612544251
,,,,,,-0.0973673915,0.1962654918
,,,,,,0.,0.
,,,,,,-0.0517070705,0.5679195741
,,,,,,-0.1232195185,0.1573575980
,,,,,,-0.1612077249,0.4661261758
,,,,,,0.8663291117,0.8522896272
,,,,,,-0.0444081118,0.2001912775
,,,,,,0.1963163240,0.13480548
,,,,,,1.6217587295,-0.1069275805
,,,,,,1.2788499416,-0.0986938909
,,,,,,0.0934666190,1.8084437878
,,,,,,1.1370889803,1.8466607915
,,,,,,1.7129911017,-0.1112888556
,,,,,,0.5875457778,-0.0031132029
,,,,,,-0.1133511123,0.4529380825
,,,,,,0.0407933332,0.2197542412
,,,,,,-0.1038384572,0.6580672072
,,,,,,-0.0343695324,0.0621404019
,,,,,,0.3560966111,0.0896849801
,,,,,,0.0762860005,1.6876903711
,,,,,,0.7330428779,-0.0232786247
,,,,,,-0.0325127026,0.2012057024
,,,,,,0.,0.
,,,,,,0.0044638037,0.0113934866
,,,,,,-0.0600987458,0.269577237
,,,,,,-0.0389855300,0.08224702
,,,,,,0.1197593885,0.3716592163
,,,,,,-0.0686185013,0.0311896832
,,,,,,0.445969001,0.0627169942
,,,,,,-0.0280535854,0.3271905041
,,,,,,-0.0961352142,0.5458291986
,,,,,,1.1145367683,1.8453075363
,,,,,,-0.1344748845,0.2488441898
,,,,,,1.896772186,-0.0718950027
,,,,,,0.7648617516,1.9371191657
,,,,,,-0.0806108025,0.4515633339
,,,,,,0.0040545397,0.5182616936
,,,,,,-0.0212473603,0.2736606918
,,,,,,2.0233408442,1.1984995536
,,,,,,-0.0635361572,0.3000679156
,,,,,,0.0029854081,0.4059268399
,,,,,,-0.0121661152,0.2022262014
,,,,,,0.,0.
,,,,,,0.291918509,2.0080523987
,,,,,,1.7091050953,1.8319077427
,,,,,,0.1114214052,0.1307193238
,,,,,,-0.0857155522,0.2271790609
,,,,,,0.008870711,0.4791354652
,,,,,,2.0429922003,1.2726307293
,,,,,,0.8684116329,-0.0578915296
,,,,,,-0.1196316403,0.4413286325
,,,,,,-0.0593555769,0.3000679156
,,,,,,-0.0270725575,0.0843577129
,,,,,,0.0784248005,0.2293870513
,,,,,,0.0128847433,0.4465144431
,,,,,,0.0109176267,0.8806114168
,,,,,,1.3765859249,-0.0952073581
,,,,,,0.1053520219,0.4848670525
,,,,,,0.0833782603,0.1895801632
,,,,,,-0.0647489941,0.6161487288
,,,,,,-0.0146006708,0.1287961618
,,,,,,-0.1698228800,0.9157442947
,,,,,,1.2260749138,-0.0880121585
,,,,,,0.0818236813,0.3660404367
,,,,,,-0.0071552110,1.5619819271
,,,,,,0.0852431740,0.3388554849
,,,,,,2.0139255988,1.1589226701
,,,,,,1.1092109942,1.0714530185
,,,,,,-0.0495098531,0.1756217835
,,,,,,-0.1272216115,0.3237967293
,,,,,,1.9035269756,0.0694040959
,,,,,,0.0278537123,0.3248884173
,,,,,,-0.0108272086,0.0979892244
,,,,,,0.017943497,0.8091277699
,,,,,,-0.0195792645,0.2605383496
,,,,,,0.0664484844,0.4882131710
,,,,,,0.2103934115,0.1258669538
,,,,,,-0.0810240228,0.6707334473
,,,,,,0.0042092513,0.3959106519
,,,,,,-0.0155208409,0.6781387807
,,,,,,1.3211959307,1.7949692323
,,,,,,0.0328331612,0.0077546162
,,,,,,0.0181914118,0.2815370218
,,,,,,-0.0747996156,0.1380026388
,,,,,,-0.0913515664,0.2139618122
,,,,,,-0.0591551885,0.5982861312
,,,,,,0.0053851809,0.3862896869
,,,,,,-0.0675495324,0.0225975122
,,,,,,-0.0218689004,0.7486445063
,,,,,,0.0489526958,0.1534582229
,,,,,,1.9691545211,0.9726329018
,,,,,,1.9955557968,1.0071762738
,,,,,,-0.0918821884,0.2775596676
,,,,,,0.1010625328,0.2130982360
,,,,,,-0.0251717689,0.3045219658
,,,,,,0.1177063145,0.3878016378
,,,,,,0.0813881948,1.7237545369
,,,,,,-0.0039884054,1.2299170110
,,,,,,-0.0918447971,0.5171556215
,,,,,,0.0218016392,0.2520014205
,,,,,,-0.0026765477,1.2637631718
,,,,,,0.,0.
,,,,,,1.4272933635,1.9382821098
,,,,,,0.,0.
,,,,,,0.8737521025,1.9085554224
,,,,,,-0.0058036546,1.1115399131
,,,,,,-0.0532672280,0.4444001700
,,,,,,1.5654747695,-0.1476143725
,,,,,,0.1247727192,0.3322392034
,,,,,,-0.1113691765,0.0610379187
,,,,,,-0.0615384204,0.6052986785
,,,,,,-0.0458193839,0.0623502148
,,,,,,-0.1505731972,0.9091155506
,,,,,,-0.1160460242,0.4125053654
,,,,,,0.9469864829,0.89398501
,,,,,,1.7636130079,0.3335934556
,,,,,,0.0816202353,0.2037086861
,,,,,,-0.1003214954,0.3464916841
,,,,,,-0.0891632567,0.1963652282
,,,,,,2.0077011520,1.1331537820
,,,,,,2.0854944706,1.5104736672
,,,,,,1.4912947713,-0.1006908754
,,,,,,-0.0015928641,0.6369578942
,,,,,,0.1286389804,0.3018371829
,,,,,,0.1321969952,0.2738616155
,,,,,,0.,0.
,,,,,,0.0232117576,0.9305908394
,,,,,,0.0516251744,0.0032007352
,,,,,,-0.0993869161,0.6181543054
,,,,,,0.0210362885,0.3802817742
,,,,,,0.1132877343,1.9493704122
,,,,,,-0.0697161467,0.3876037241
,,,,,,0.0204906811,0.3847153934
,,,,,,-0.067799198,0.5338299825
,,,,,,-0.0049927067,0.9436741879
,,,,,,1.3717733549,1.7808426909
,,,,,,0.0371524008,0.1264265595
,,,,,,-0.1514628279,0.2261012721
,,,,,,0.0624524292,0.3577593158
,,,,,,0.,0.
,,,,,,-0.0327672654,0.2770787047
,,,,,,1.8795216567,0.1803017104
,,,,,,-0.0664532582,0.0137853038
,,,,,,0.0060962651,0.5016724382
,,,,,,0.4356419733,0.0960610545
,,,,,,0.0204429658,0.2631172684
,,,,,,-0.0043944171,0.8766638453
,,,,,,0.0131389896,0.3228609798
,,,,,,1.0702549926,-0.0805635198
,,,,,,0.0110513558,0.0198252057
,,,,,,0.0644328703,0.5045271624
,,,,,,0.1072806527,0.1637737366
,,,,,,-0.1290123578,0.3000679156
,,,,,,0.0364095519,0.255373931
,,,,,,0.0654318597,0.4961933998
,,,,,,0.1260541152,0.3221623485
,,,,,,-0.0396409063,0.3331757339
,,,,,,0.,0.
,,,,,,0.3791959059,0.0819701963
,,,,,,0.3454344869,0.0916987150
,,,,,,0.1434634679,0.185229543
,,,,,,0.6812048883,1.9529668369
,,,,,,-0.0031965797,1.3224221509
,,,,,,0.8691530107,0.9351765247
,,,,,,-0.0706806954,0.0477660191
,,,,,,1.2367815670,-0.0885240548
,,,,,,-0.0039885677,1.4291877001
,,,,,,0.5409296781,-0.0551548122
,,,,,,1.9396965251,0.8499289062
,,,,,,-0.013545098,0.6611401508
,,,,,,0.0866162854,0.327938953
,,,,,,0.0975409789,0.2410932047
,,,,,,-0.0684825765,0.5097872063
,,,,,,0.9171861503,-0.0641702706
,,,,,,0.1317489891,0.2773848277
,,,,,,0.5398366152,0.0614242498
,,,,,,-0.0442314934,0.6584898796
,,,,,,0.9229057694,1.0175917793
,,,,,,-0.0685420585,0.2116544905
,,,,,,-0.0254049013,0.6390031916
,,,,,,-0.1525113392,0.3954389358
,,,,,,0.7208472589,0.0014884664
,,,,,,0.1908360171,0.061540516
,,,,,,-0.1601723102,0.4577081687
,,,,,,-0.0765497361,0.1176982295
,,,,,,-0.0845603961,0.1992018890
,,,,,,0.5662193889,1.9892396857
,,,,,,1.0514239051,1.8619139229
,,,,,,0.7591863516,1.9419319386
,,,,,,0.,0.
,,,,,,0.0866462633,0.0707326824
,,,,,,0.6582783032,-0.0129340932
,,,,,,1.0880073501,1.8604218817
,,,,,,0.1277260289,0.3090157496
,,,,,,1.1525450501,-0.0812482321
,,,,,,-0.1552689521,0.4178567469
,,,,,,-0.1064479428,0.3965430482
,,,,,,0.0215727937,0.3759294070
,,,,,,-0.0023875063,0.83783598
,,,,,,-0.0501336393,0.1811579305
,,,,,,0.,0.
,,,,,,0.0555329629,0.4133684677
,,,,,,0.5152810055,0.0426944671
,,,,,,0.0716593187,1.6549561051
,,,,,,-0.0600227445,0.7699568266
,,,,,,0.0962985619,0.0860997618
,,,,,,0.4121359639,0.0757876054
,,,,,,-0.0019257466,0.5894287935
,,,,,,-0.2272110542,1.0041147835
,,,,,,-0.0624088555,0.0367808927
,,,,,,-0.0595285483,0.2645181960
,,,,,,-0.0290638462,0.0976644098
,,,,,,0.0269755412,0.2096753648
,,,,,,1.5282858617,-0.1024591701
,,,,,,0.8533679913,0.9676096364
,,,,,,0.9025577605,-0.046661665
,,,,,,0.0498314403,0.0226312511
,,,,,,0.2385117597,0.1189125799
,,,,,,-0.004303354,0.8570536637
,,,,,,1.9603715404,0.9361813132
,,,,,,1.137482945,-0.079167283
,,,,,,-0.0789705217,0.1144191651
,,,,,,0.1785980000,0.1336930337
,,,,,,0.0837897336,0.3504122742
,,,,,,0.7847644331,-0.0304268916
,,,,,,0.1629958801,0.0639789985
,,,,,,0.0723869455,0.277916793
,,,,,,-0.1452151571,0.2512941103
,,,,,,0.6882696291,-0.0347093156
,,,,,,0.0863035713,0.1660683573
,,,,,,0.3066156143,2.0059709096
,,,,,,0.8464858302,1.0213422087
,,,,,,-0.0511747946,0.2454129412
,,,,,,0.1143227335,0.1075475656
,,,,,,0.0149147908,0.8968760347
,,,,,,-0.0702862952,0.5054389750
,,,,,,0.0857871664,0.1702176501
,,,,,,-0.0559021546,0.5533834317
,,,,,,-0.1507345382,0.3809957346
,,,,,,0.0342942268,0.2725631978
,,,,,,-0.1886506132,0.9968233404
,,,,,,-0.0246055325,0.3000679156
,,,,,,0.1372353742,2.0299419317
,,,,,,0.0648076155,0.0595501284
,,,,,,-0.1123389444,0.6545716011
,,,,,,-0.1072059359,0.4045206518
,,,,,,0.0048028739,0.3910536954
,,,,,,0.0414261278,0.0601232115
,,,,,,-0.1061941792,0.099194599
,,,,,,-0.0079592091,1.8554639664
,,,,,,-0.1103547135,0.0527849782
,,,,,,1.9019709514,0.0368541037
,,,,,,1.1497872597,1.8431058397
,,,,,,-0.0836295486,0.2101358682
,,,,,,-0.0589582251,0.2594573893
,,,,,,0.846577819,1.0081742274
,,,,,,-0.0019974313,0.7931364824
,,,,,,-0.0848131764,0.4948476716
,,,,,,0.9713810693,1.9118940683
,,,,,,0.8678203819,0.9580610216
,,,,,,0.0154675506,0.3038126021
,,,,,,0.1816881364,0.1799923173
,,,,,,1.9956187826,1.0827714358
,,,,,,1.2026109097,1.8282814752
,,,,,,1.9540132382,0.7747034147
,,,,,,0.1300464408,0.0578984022
,,,,,,-0.1706453206,0.8515114459
,,,,,,0.8607117498,0.8631226528
,,,,,,1.950799692,0.756720413
,,,,,,-0.0123681487,-0.0101505243
,,,,,,1.1848499280,-0.0986210685
,,,,,,1.6361347472,-0.1076147934
,,,,,,2.0888203902,1.5290860079
,,,,,,0.2448212216,0.0568118065
,,,,,,0.1769076242,0.1404378961
,,,,,,-0.1056477098,0.3900046684
,,,,,,0.6106698621,0.0380426745
,,,,,,0.0315371146,0.1702315372
,,,,,,0.0220986979,0.3716542548
,,,,,,-0.0028024603,0.6947826559
,,,,,,0.5899861460,1.9830102697
,,,,,,0.,0.
,,,,,,-0.0284707979,0.7220101843
,,,,,,-0.0688712926,0.3474045904
,,,,,,0.0694925303,1.6396884081
,,,,,,0.0226158092,0.367451292
,,,,,,-0.0039553698,1.4117187541
,,,,,,0.0599362139,1.5721419449
,,,,,,1.4984789448,-0.1389923631
,,,,,,0.2112393117,0.1706127003
,,,,,,0.0776792202,0.3989864777
,,,,,,-0.1416583351,0.6849328330
,,,,,,-0.0071555315,1.1702333797
,,,,,,0.1067665608,0.1679157240
,,,,,,-0.0588489603,0.5694248756
,,,,,,-0.1146148013,0.6696234658
,,,,,,0.8720161317,-0.0710867828
,,,,,,0.,0.
,,,,,,0.9017646613,1.0158314518
,,,,,,0.5166165569,0.0691335534
,,,,,,-0.0559456894,0.0039613744
,,,,,,0.0587749785,0.3873116589
,,,,,,0.8496099842,1.0023197419
,,,,,,0.7187118455,-0.0637581341
,,,,,,-0.0048617302,0.9200514989
,,,,,,0.008887013,0.0365546278
,,,,,,-0.0652047438,0.5634490314
,,,,,,-0.0793386379,0.1750866704
,,,,,,0.0891185389,0.1436025863
,,,,,,-0.0853563823,0.3333769189
,,,,,,0.0431369520,0.2007107970
,,,,,,1.9749930601,0.9969216108
,,,,,,0.,0.
,,,,,,-0.0272467552,0.9961236461
,,,,,,0.0017057338,0.4163899706
,,,,,,-0.0635004238,0.6331065617
,,,,,,1.8702959865,0.1091469
,,,,,,-0.0060088309,1.0573731893
,,,,,,0.0556090987,0.0994533228
,,,,,,1.7140499236,0.2060399556
,,,,,,1.7746458295,0.3619618236
,,,,,,0.3788353417,1.9957532147
,,,,,,0.5612258765,0.0294517033
,,,,,,1.8946690028,0.6626748918
,,,,,,0.0982081382,0.235788557
,,,,,,0.,0.
,,,,,,0.0150103812,0.4292470807
,,,,,,1.7138110759,-0.1667060333
,,,,,,-0.1080849346,0.4099186442
,,,,,,0.1402749920,0.2103425788
,,,,,,-0.0772439412,0.1005407794
,,,,,,0.0394444735,0.2307112001
,,,,,,-0.0346097517,0.1347209115
,,,,,,0.0560710135,0.0105998944
,,,,,,0.0121335527,0.4526201075
,,,,,,0.,0.
,,,,,,-0.0620735919,0.5865469847
,,,,,,1.8653864337,0.0703118264
,,,,,,1.2421904537,-0.1060007559
,,,,,,-0.0911976034,0.2719667005
,,,,,,-0.0051877734,0.1473347399
,,,,,,0.7269919119,-0.0396927054
,,,,,,-0.0061977482,1.2869209247
,,,,,,-0.0782847643,0.4309273754
,,,,,,1.9813083634,1.7832139013
,,,,,,0.0300491133,0.3070503707
,,,,,,-0.1481466361,0.3599606011
,,,,,,0.0390026002,0.2343020714
,,,,,,-0.0606690562,0.2746376086
,,,,,,0.1121196232,0.0583522430
,,,,,,-0.1248865689,0.1708994402
,,,,,,-0.1649547526,0.8055891566
,,,,,,-0.0044970096,0.1418972125
,,,,,,1.740088057,0.2729387820
,,,,,,0.1183849301,1.9834219433
,,,,,,0.016138156,0.0057109768
,,,,,,0.0467050416,0.1717230143
,,,,,,-0.1135099107,0.3921113439
,,,,,,0.1107761208,0.4421539898
,,,,,,2.060461062,1.3703870841
,,,,,,-0.0946568586,0.5359456585
,,,,,,-0.0663808808,0.347010147
,,,,,,0.059215035,0.0158324534
,,,,,,0.0367009936,0.9842689288
,,,,,,0.4648147638,0.0863581248
,,,,,,-0.0049940499,1.5346965352
,,,,,,-0.0097401776,0.1831385036
,,,,,,0.,0.
,,,,,,0.0834113095,0.3534219708
,,,,,,1.8519326654,0.4849556903
,,,,,,-0.0457585963,0.7851209985
,,,,,,-0.0207861253,0.0011914121
,,,,,,0.2631331288,0.1533799015
,,,,,,-0.0019257466,0.9811781755
,,,,,,0.0369210074,0.8748869812
,,,,,,-0.1549711888,0.7928107218
,,,,,,-0.1040564889,0.1198876588
,,,,,,-0.0748629637,0.184320536
,,,,,,1.8911346991,0.6479910819
,,,,,,-0.167503667,0.8275754714
,,,,,,0.0023797614,0.0878078631
,,,,,,1.9754366393,0.8945881715
,,,,,,-0.0049932943,1.3354246751
,,,,,,0.1425834692,0.1921170319
,,,,,,0.0468025618,0.0479171062
,,,,,,1.8149489407,0.4657374091
,,,,,,-0.0061970262,1.0914210196
,,,,,,-0.1161867991,0.1001963092
,,,,,,0.1208495796,0.3630861179
,,,,,,-0.0041138685,0.4639967089
,,,,,,0.0483731244,0.1581649953
,,,,,,1.4461337279,1.7600281069
,,,,,,-0.0660821922,0.5534242401
,,,,,,0.0548705713,0.1055662149
,,,,,,1.4040666765,-0.1268407495
,,,,,,-0.0472809930,0.3955436583
,,,,,,-0.0755838133,0.1558488607
,,,,,,0.1422281210,0.1426629144
,,,,,,-0.0396712203,0.1685401194
,,,,,,1.8773229938,0.1632000797
,,,,,,-0.0508979235,0.7267893223
,,,,,,-0.0050748898,-0.0118884025
,,,,,,1.2581432015,-0.0895451373
,,,,,,0.,0.
,,,,,,0.1029864188,0.5033332046
,,,,,,0.0706698372,0.2917177560
,,,,,,0.0121831198,0.3306801541
,,,,,,-0.1118789388,0.3789970786
,,,,,,-0.1305367766,0.2168312408
,,,,,,0.4916985385,0.077416587
,,,,,,-0.0555124382,0.2288814965
,,,,,,0.9739684185,-0.0565514859
,,,,,,0.0845277969,0.3445433415
,,,,,,1.8287436781,0.3879381305
,,,,,,0.0637151978,0.0339552045
,,,,,,-0.0643991474,0.0530368812
,,,,,,-0.1312398963,0.5346605384
,,,,,,0.5720263928,0.0508235850
,,,,,,0.1551113074,0.1396004812
,,,,,,-0.1516173245,0.3881714301
,,,,,,0.7068221033,0.0061630663
,,,,,,0.0830252354,0.356486386
,,,,,,0.966090592,0.8904726451
,,,,,,-0.1478565031,0.7347438539
,,,,,,-0.00839217,1.9102188662
,,,,,,-0.0991974251,0.2770481352
,,,,,,-0.1301520665,0.311979859
,,,,,,0.11464044,0.0681878368
,,,,,,-0.0886862498,0.5232151078
,,,,,,-0.0361968451,0.7260741610
,,,,,,1.0771796735,-0.0708378675
,,,,,,-0.0850233988,0.2215235697
,,,,,,0.4937449605,0.0489366652
,,,,,,0.00692019,0.0523117116
,,,,,,-0.0436354772,0.1950288284
,,,,,,-0.1818036603,0.6335410291
,,,,,,-0.1318008749,0.6036559021
,,,,,,0.0588134520,0.0151641035
,,,,,,0.0513754893,0.0142074389
,,,,,,0.0437224744,0.0132242206
,,,,,,0.0358387284,0.0122105747
,,,,,,0.0277097286,0.0111660885
,,,,,,0.0193175657,0.0100870792
,,,,,,0.0106451952,0.0089729487
,,,,,,0.0016710773,0.0078189442
,,,,,,-0.0045843966,0.0103790794
,,,,,,-0.0046339824,0.0204408663
,,,,,,-0.0057042146,0.0289201394
,,,,,,-0.0067419416,0.0371383175
,,,,,,-0.0077533475,0.0451076854
,,,,,,-0.0088001518,0.0527821912
,,,,,,-0.0097533623,0.0603136734
,,,,,,-0.0106932543,0.0676323072
,,,,,,-0.0116098506,0.0747622929
,,,,,,-0.0125038585,0.0817157086
,,,,,,-0.0133765202,0.08850322
,,,,,,-0.0142289965,0.0951347759
,,,,,,-0.0150620069,0.1016199700
,,,,,,-0.0158781325,0.1079662513
,,,,,,-0.0166764500,0.1141832942
,,,,,,-0.0174603200,0.1202769142
,,,,,,-0.0182281404,0.1262561726
,,,,,,-0.018983348,0.1321260247
,,,,,,-0.0197242385,0.1378946212
,,,,,,-0.0204539316,0.1435664753
,,,,,,-0.0211710937,0.1491486647
,,,,,,-0.0218771547,0.1546461618
,,,,,,-0.0225743421,0.1600632813
,,,,,,-0.023260817,0.1654063797
,,,,,,-0.0239382280,0.1706795737
,,,,,,-0.0246082242,0.1758868533
,,,,,,-0.0252696578,0.1810334025
,,,,,,-0.0259236561,0.1861230626
,,,,,,-0.0265707671,0.1911598025
,,,,,,-0.0272115838,0.1961474218
,,,,,,-0.0278475369,0.2010892664
,,,,,,-0.0284774035,0.2059895958
,,,,,,-0.0291022467,0.2108516329
,,,,,,-0.0297226070,0.2156787143
,,,,,,-0.0303388357,0.2204741487
,,,,,,-0.0309514686,0.2252411019
,,,,,,-0.0315608349,0.2299827297
,,,,,,-0.0321673471,0.2347020956
,,,,,,-0.0327713626,0.2394022197
,,,,,,-0.0333732748,0.2440860632
,,,,,,-0.0339735181,0.2487565387
,,,,,,-0.0345723955,0.2534165527
,,,,,,-0.0351703447,0.2580689592
,,,,,,-0.0357676766,0.2627166161
,,,,,,-0.036364724,0.2673623627
,,,,,,-0.036961961,0.2720090168
,,,,,,-0.0375596500,0.2766594244
,,,,,,-0.0381581968,0.2813164238
,,,,,,-0.0387579728,0.2859828741
,,,,,,-0.0393593150,0.2906616590
,,,,,,-0.0399626436,0.2953556891
,,,,,,-0.0405694743,0.3000679156
,,,,,,-0.0411778866,0.3048013542
,,,,,,-0.0417894052,0.3095590329
,,,,,,-0.0424044088,0.3143440591
,,,,,,-0.0430233771,0.3191596146
,,,,,,-0.0436466792,0.3240089540
,,,,,,-0.0442746880,0.3288954147
,,,,,,-0.0449080122,0.3338224548
,,,,,,-0.0455469861,0.3387936106
,,,,,,-0.0461920198,0.3438125379
,,,,,,-0.0468437383,0.3488830524
,,,,,,-0.04750259,0.3540090839
,,,,,,-0.048169103,0.3591947259
,,,,,,-0.0488437878,0.3644442321
,,,,,,-0.0495272137,0.3697620469
,,,,,,-0.0502200252,0.3751528287
,,,,,,-0.0509227845,0.3806214261
,,,,,,-0.0516362168,0.3861729615
,,,,,,-0.0523609076,0.3918127649
,,,,,,-0.0530976283,0.3975464915
,,,,,,-0.0538471177,0.4033800796
,,,,,,-0.0546118720,0.4093204568
,,,,,,-0.0553897357,0.4153731511
,,,,,,-0.0561829279,0.421545678
,,,,,,-0.0569923371,0.427845473
,,,,,,-0.0578189727,0.4342804638
,,,,,,-0.058665698,0.4408599625
,,,,,,-0.0595307439,0.4475915995
,,,,,,-0.0604164001,0.4544854799
,,,,,,-0.0613254347,0.4615526912
,,,,,,-0.0622571764,0.4688031517
,,,,,,-0.0632136390,0.4762489486
,,,,,,-0.0641982486,0.4839039183
,,,,,,-0.0652101813,0.4917802136
,,,,,,-0.0662535014,0.499894023
,,,,,,-0.0673284395,0.5082601626
,,,,,,-0.0684389397,0.5168971666
,,,,,,-0.0695856087,0.5258225730
,,,,,,-0.0707731559,0.5350584097
,,,,,,-0.072001722,0.5446248833
,,,,,,-0.0732779130,0.5545491435
,,,,,,-0.0746030264,0.5648561809
,,,,,,-0.0759809418,0.5755753420
,,,,,,-0.0774158638,0.5867388541
,,,,,,-0.0789123786,0.5983822032
,,,,,,-0.0805111739,0.6105802293
,,,,,,-0.0820331882,0.6231889540
,,,,,,-0.0837691756,0.6365454548
,,,,,,-0.0856062938,0.6505855953
,,,,,,-0.0875394053,0.6653566899
,,,,,,-0.0895628679,0.6809096888
,,,,,,-0.0915543849,0.6971562001
,,,,,,-0.0938756756,0.7146116889
,,,,,,-0.0960569336,0.7327620271
,,,,,,-0.0987325488,0.7525315483
,,,,,,-0.1011987077,0.7730709485
,,,,,,-0.1042903278,0.7956761499
,,,,,,-0.1071609455,0.8192528856
,,,,,,-0.1107186704,0.8453346393
,,,,,,-0.1141393048,0.8728150222
,,,,,,0.1485562010,0.164521934
,,,,,,0.1480301165,0.1688879910
,,,,,,0.1474749089,0.1729897731
,,,,,,0.1469928924,0.1770042122
,,,,,,0.1464752695,0.1807816695
,,,,,,0.1460252528,0.1844860572
,,,,,,0.1455450184,0.1879918663
,,,,,,0.1451192031,0.1914249756
,,,,,,0.1446781769,0.1947037914
,,,,,,0.1442721624,0.1979010347
,,,,,,0.1438811330,0.2009990925
,,,,,,0.1435020014,0.2040017783
,,,,,,0.1431325021,0.2069135715
,,,,,,0.1427499835,0.2097175400
,,,,,,0.1424035199,0.2124711145
,,,,,,0.1420600156,0.2151449554
,,,,,,0.141725015,0.2177498714
,,,,,,0.1413982823,0.2202902963
,,,,,,0.1410793389,0.2227701036
,,,,,,0.1407677829,0.2251929475
,,,,,,0.1404633302,0.2275623147
,,,,,,0.1401650503,0.2298809369
,,,,,,0.1398732788,0.2321523470
,,,,,,0.1395867872,0.2343786690
,,,,,,0.1393061562,0.23656321
,,,,,,0.1390301392,0.2387077866
,,,,,,0.138759356,0.2408153743
,,,,,,0.1384926694,0.2428876236
,,,,,,0.138230556,0.2449271131
,,,,,,0.1379725062,0.2469356675
,,,,,,0.1377176929,0.2489148551
,,,,,,0.1374667983,0.2508670043
,,,,,,0.1372192035,0.2527936101
,,,,,,0.1369743268,0.2546961414
,,,,,,0.1367325871,0.2565764912
,,,,,,0.1364935403,0.2584360480
,,,,,,0.1362570391,0.2602762859
,,,,,,0.1360228256,0.2620985746
,,,,,,0.1357903978,0.2639041452
,,,,,,0.1355601814,0.2656945456
,,,,,,0.1353318018,0.267470959
,,,,,,0.1300157939,0.3088154206
,,,,,,0.1297862424,0.3106008306
,,,,,,0.1295547616,0.3124010691
,,,,,,0.1293212156,0.3142174294
,,,,,,0.1290854461,0.3160512486
,,,,,,0.1288472312,0.3179039203
,,,,,,0.1286064280,0.3197768765
,,,,,,0.1283627996,0.3216716213
,,,,,,0.1281161944,0.3235897022
,,,,,,0.1278663895,0.3255327465
,,,,,,0.1276131678,0.3275024515
,,,,,,0.1273562868,0.3295005990
,,,,,,0.1270955269,0.3315290481
,,,,,,0.1268306397,0.3335897563
,,,,,,0.1265613404,0.3356847918
,,,,,,0.1262874271,0.3378163006
,,,,,,0.1260078748,0.3399868543
,,,,,,0.1257235503,0.3421984446
,,,,,,0.1254336173,0.3444538271
,,,,,,0.1251377556,0.3467557175
,,,,,,0.1248356262,0.3491069987
,,,,,,0.1245261062,0.3515111089
,,,,,,0.1242099235,0.3539707982
,,,,,,0.1238861888,0.3564897849
,,,,,,0.1235539144,0.3590721085
,,,,,,0.1232133537,0.3617213884
,,,,,,0.1228637285,0.364442066
,,,,,,0.1225038304,0.3672391721
,,,,,,0.1221339478,0.3701171549
,,,,,,0.1217525704,0.3730819467
,,,,,,0.1213596540,0.3761389355
,,,,,,0.1209537369,0.3792949074
,,,,,,0.1205345816,0.3825562835
,,,,,,0.1201004911,0.3859310961
,,,,,,0.1196514215,0.3894267227
,,,,,,0.1191849183,0.3930531174
,,,,,,0.1187005434,0.3968193834
,,,,,,0.1181968741,0.4007362485
,,,,,,0.1176723463,0.404815515
,,,,,,0.1171253052,0.4090701322
,,,,,,0.1165390685,0.413529263
,,,,,,0.115982287,0.4181371565
,,,,,,0.1153473884,0.4230182608
,,,,,,0.1146763849,0.4281482695
,,,,,,0.1139697218,0.4335460200
,,,,,,0.1132298408,0.4392297481
,,,,,,0.1125017196,0.4451668245
,,,,,,0.1116530632,0.4515457486
,,,,,,0.1108561227,0.4581778914
,,,,,,0.1098775428,0.4654030590
,,,,,,0.1089757959,0.4729092160
,,,,,,0.1078450928,0.4811709047
,,,,,,0.1067960548,0.4897863192
,,,,,,0.1054952890,0.4993181518
,,,,,,0.1042446412,0.5093611192
,,,,,,0.05567402,0.0099391826
,,,,,,0.0480960111,0.0089591491
,,,,,,0.0402985311,0.0079517836
,,,,,,0.0322656115,0.006913185
,,,,,,0.0239824476,0.0058429543
,,,,,,0.0156733166,0.0050711773
,,,,,,0.0125043464,0.0114401368
,,,,,,0.0114026851,0.0202748886
,,,,,,0.0102620763,0.0287130246
,,,,,,0.0092117351,0.0369416182
,,,,,,0.0082000411,0.0449152205
,,,,,,0.0072190947,0.0526436802
,,,,,,0.0062630401,0.0601384786
,,,,,,0.0052737693,0.0673562179
,,,,,,0.0043715169,0.0744386045
,,,,,,0.0034826821,0.0813218991
,,,,,,0.0026158339,0.0880280050
,,,,,,0.0017703449,0.0945683034
,,,,,,0.0009449876,0.1009527589
,,,,,,0.0001386867,0.1071907336
,,,,,,-0.0006492038,0.1132912659
,,,,,,-0.0014211782,0.1192612980
,,,,,,-0.0021763038,0.1251099725
,,,,,,-0.0029178190,0.1308426922
,,,,,,-0.0036441699,0.1364680097
,,,,,,-0.0043585998,0.1419905714
,,,,,,-0.0050595026,0.1474180401
,,,,,,-0.0057498473,0.1527546336
,,,,,,-0.0064283186,0.1580070430
,,,,,,-0.0070963351,0.1631798961
,,,,,,-0.0077559761,0.1682772585
,,,,,,-0.0084055306,0.1733050974
,,,,,,-0.0090464785,0.1782673198
,,,,,,-0.0096804445,0.1831676375
,,,,,,-0.0103063254,0.1880109376
,,,,,,-0.0109252003,0.192800823
,,,,,,-0.0115375537,0.1975410396
,,,,,,-0.0121439541,0.2022351551
,,,,,,-0.0127457916,0.2068862981
,,,,,,-0.0133418695,0.2114984936
,,,,,,-0.0139332329,0.2160747564
,,,,,,-0.0145203576,0.2206182369
,,,,,,-0.0151036245,0.2251320317
,,,,,,-0.0156834380,0.22961915
,,,,,,-0.0162601752,0.2340825391
,,,,,,-0.0168342775,0.2385250685
,,,,,,-0.0174059956,0.2429496028
,,,,,,-0.0179757686,0.2473589120
,,,,,,-0.0185439102,0.2517557578
,,,,,,-0.0191108146,0.2561428531
,,,,,,-0.0196768723,0.2605228900
,,,,,,-0.020242325,0.2648985671
,,,,,,-0.0208075315,0.2692725503
,,,,,,-0.0213729113,0.2736474958
,,,,,,-0.0219387977,0.2780260751
,,,,,,-0.0225054371,0.282410974
,,,,,,-0.0230732864,0.2868048756
,,,,,,-0.0236426268,0.2912104992
,,,,,,-0.0242138595,0.2956305858
,,,,,,-0.0247884592,0.3000679156
,,,,,,-0.0253645307,0.3045253304
,,,,,,-0.0259435729,0.309005683
,,,,,,-0.0265259454,0.3135119021
,,,,,,-0.0271120877,0.3180469863
,,,,,,-0.0277023068,0.3226139989
,,,,,,-0.0282970407,0.3272160924
,,,,,,-0.0288967936,0.3318565197
,,,,,,-0.0295018935,0.3365386146
,,,,,,-0.0301127829,0.3412658309
,,,,,,-0.0307300396,0.3460417658
,,,,,,-0.0313539877,0.3508701061
,,,,,,-0.0319852759,0.355754739
,,,,,,-0.0326243408,0.3606996686
,,,,,,-0.0332716608,0.3657090725
,,,,,,-0.0339278895,0.3707873534
,,,,,,-0.0345935812,0.3759390908
,,,,,,-0.0352693524,0.3811690964
,,,,,,-0.0359558655,0.3864824303
,,,,,,-0.0366537846,0.3918844078
,,,,,,-0.0373637865,0.3973806224
,,,,,,-0.0380882954,0.4029776337
,,,,,,-0.038825241,0.4086806435
,,,,,,-0.0395767239,0.4144967442
,,,,,,-0.0403436733,0.4204329907
,,,,,,-0.0411268342,0.4264967711
,,,,,,-0.0419291844,0.4326969974
,,,,,,-0.0427488506,0.4390407745
,,,,,,-0.0435880995,0.4455376891
,,,,,,-0.0444495481,0.4521982084
,,,,,,-0.0453325124,0.4590316647
,,,,,,-0.0462389742,0.4660495118
,,,,,,-0.0471721356,0.4732647912
,,,,,,-0.0481311952,0.4806889577
,,,,,,-0.0491200807,0.4883373502
,,,,,,-0.0501389845,0.4962239400
,,,,,,-0.0511916197,0.5043662164
,,,,,,-0.0522786147,0.5127807766
,,,,,,-0.0534044026,0.5214884090
,,,,,,-0.0545690846,0.5305081659
,,,,,,-0.0557790671,0.5398658197
,,,,,,-0.0570354412,0.5495848604
,,,,,,-0.0583419492,0.559693067
,,,,,,-0.0597026008,0.5702209110
,,,,,,-0.0611217663,0.581201947
,,,,,,-0.0626295634,0.5926985530
,,,,,,-0.0640738628,0.6045914582
,,,,,,-0.0657208181,0.6171908865
,,,,,,-0.0674604923,0.6304325616
,,,,,,-0.0692942649,0.6443679720
,,,,,,-0.071213664,0.6590418685
,,,,,,-0.0731034326,0.6743710746
,,,,,,-0.07530537,0.6908426775
,,,,,,-0.0773738791,0.7079686648
,,,,,,-0.0799138052,0.7266296497
,,,,,,-0.0822547505,0.7460160445
,,,,,,-0.0851879196,0.7673555254
,,,,,,-0.0879119391,0.7896118642
,,,,,,-0.0912889264,0.8142403854
,,,,,,-0.0945368758,0.8401909240
,,,,,,0.1616272166,0.1862758757
,,,,,,0.1611833972,0.1899377511
,,,,,,0.1607151948,0.1933781293
,,,,,,0.1603084714,0.1967454673
,,,,,,0.1598719759,0.1999142403
,,,,,,0.1594922692,0.2030219009
,,,,,,0.1590871947,0.2059630220
,,,,,,0.1587278498,0.2088433253
,,,,,,0.1583558188,0.2115943444
,,,,,,0.1580132039,0.2142770381
,,,,,,0.1576832195,0.2168766409
,,,,,,0.15736323,0.2193962928
,,,,,,0.1570513343,0.2218397490
,,,,,,0.1567286789,0.2241929572
,,,,,,0.156436045,0.2265036911
,,,,,,0.1561461967,0.2287478712
,,,,,,0.1558634501,0.2309342219
,,,,,,0.1555876999,0.2330665494
,,,,,,0.1407931547,0.3475001669
,,,,,,0.1405121686,0.3496719685
,,,,,,0.1402241442,0.3519001762
,,,,,,0.139928467,0.3541885073
,,,,,,0.1396240819,0.3565412205
,,,,,,0.1393112491,0.3589620522
,,,,,,0.1389886311,0.3614560422
,,,,,,0.1386562926,0.3640276619
,,,,,,0.1383129119,0.3666826896
,,,,,,0.1379583143,0.3694265179
,,,,,,0.1375911408,0.3722658592
,,,,,,0.1372111707,0.3752070719
,,,,,,0.1368164856,0.3782584267
,,,,,,0.136406691,0.3814276121
,,,,,,0.1359804783,0.3847237643
,,,,,,0.1355366338,0.3881567388
,,,,,,0.1350736794,0.3917375264
,,,,,,0.1345798253,0.3954884399
,,,,,,0.1341090016,0.3993663234
,,,,,,0.1335713649,0.4034753634
,,,,,,0.1330035054,0.4077938598
,,,,,,0.1324052111,0.4123383299
,,,,,,0.1317788854,0.4171237658
,,,,,,0.1311622702,0.4221228656
,,,,,,0.1304440413,0.4274942882
,,,,,,0.1297688763,0.4330797068
,,,,,,0.1289410033,0.4391643350
,,,,,,0.1281770583,0.4454868403
,,,,,,0.1272199185,0.4524464027
,,,,,,0.1263307996,0.4597052969
,,,,,,0.1252293279,0.4677369216
,,,,,,0.1241695046,0.476200397
,,,,,,0.0547914523,0.0084703354
,,,,,,0.0471724976,0.0074812107
,,,,,,0.0393327274,0.0064645687
,,,,,,0.0312559509,0.0054162942
,,,,,,0.0229275175,0.0043363507
,,,,,,0.0143286526,0.0032203976
,,,,,,0.0054419823,0.002068021
,,,,,,-0.0003003151,0.005295666
,,,,,,-0.0015343760,0.0141455571
,,,,,,-0.0026453252,0.0228108654
,,,,,,-0.0037153226,0.0312081071
,,,,,,-0.0047529462,0.0393473294
,,,,,,-0.0057641509,0.0472408457
,,,,,,-0.0068102585,0.0548427937
,,,,,,-0.0077644351,0.0623026079
,,,,,,-0.0087042404,0.0695530825
,,,,,,-0.0096208564,0.0766170666
,,,,,,-0.0105149106,0.0835065715
,,,,,,-0.0113876818,0.0902320967
,,,,,,-0.0122403320,0.0968034691
,,,,,,-0.0130735429,0.1032302017
,,,,,,-0.0138899094,0.1095196264
,,,,,,-0.0146885290,0.1156813048
,,,,,,-0.0154727178,0.1217209961
,,,,,,-0.0162408808,0.127647671
,,,,,,-0.0169965167,0.1334661633
,,,,,,-0.0177378158,0.1391846230
,,,,,,-0.0184679683,0.1448074465
,,,,,,-0.0191856164,0.1503416632
,,,,,,-0.019892168,0.1557921976
,,,,,,-0.0205899096,0.1611632732
,,,,,,-0.0212769088,0.1664612453
,,,,,,-0.0219548796,0.171690143
,,,,,,-0.0226255144,0.1768538880
,,,,,,-0.0232875782,0.1819576639
,,,,,,-0.0239422466,0.1870052453
,,,,,,-0.0245900646,0.192000563
,,,,,,-0.0252315140,0.196947424
,,,,,,-0.0258682189,0.2018490573
,,,,,,-0.0264988212,0.2067097427
,,,,,,-0.0271244442,0.2115326466
,,,,,,-0.0277455782,0.2163210915
,,,,,,-0.028362639,0.2210783341
,,,,,,-0.0289760864,0.225807535
,,,,,,-0.0295862888,0.230511809
,,,,,,-0.0301936998,0.2351941823
,,,,,,-0.0307985749,0.2398576748
,,,,,,-0.0314014092,0.2445051972
,,,,,,-0.0320026244,0.2491396425
,,,,,,-0.0326024239,0.2537639127
,,,,,,-0.0332013810,0.2583808132
,,,,,,-0.0337996498,0.2629932049
,,,,,,-0.0343977899,0.2676038724
,,,,,,-0.0349960613,0.2722156417
,,,,,,-0.035594808,0.2768313262
,,,,,,-0.036194489,0.28145374
,,,,,,-0.0367953819,0.2860857294
,,,,,,-0.0373979084,0.2907301530
,,,,,,-0.0380023964,0.2953899054
,,,,,,-0.0386105081,0.3000679156
,,,,,,-0.0392201424,0.3047671816
,,,,,,-0.0398329428,0.3094907116
,,,,,,-0.0404492879,0.3142415953
,,,,,,-0.0410695990,0.3190229929
,,,,,,-0.0416942768,0.3238381405
,,,,,,-0.0423237561,0.3286903630
,,,,,,-0.0429585305,0.3335830879
,,,,,,-0.0435989981,0.3385198381
,,,,,,-0.0442456037,0.3435042551
,,,,,,-0.0448989194,0.3485401276
,,,,,,-0.0455593713,0.3536313596
,,,,,,-0.0462275836,0.3587820422
,,,,,,-0.0469040169,0.3639963996
,,,,,,-0.0475892500,0.3692788571
,,,,,,-0.0482839094,0.3746340467
,,,,,,-0.0489886266,0.3800668138
,,,,,,-0.0497039958,0.3855822208
,,,,,,-0.0504307309,0.391185611
,,,,,,-0.0511696174,0.3968826225
,,,,,,-0.0519212689,0.4026791262
,,,,,,-0.0526882833,0.4085820583
,,,,,,-0.053468495,0.4145969175
,,,,,,-0.0542641696,0.4207312113
,,,,,,-0.0550761606,0.426992334
,,,,,,-0.0559053907,0.4333881435
,,,,,,-0.0567549358,0.4399280189
,,,,,,-0.057622809,0.4466194554
,,,,,,-0.0585115125,0.4534726304
,,,,,,-0.0594236825,0.4604985299
,,,,,,-0.0603586518,0.4677070349
,,,,,,-0.0613185675,0.4751102715
,,,,,,-0.0623067335,0.482721965
,,,,,,-0.0633224111,0.4905542777
,,,,,,-0.0643697239,0.4986233952
,,,,,,-0.0654487662,0.5069439972
,,,,,,-0.0665636445,0.5155346807
,,,,,,-0.0677149084,0.5244128948
,,,,,,-0.0689072871,0.5336006286
,,,,,,-0.0701409430,0.5431180493
,,,,,,-0.0714226206,0.5529923632
,,,,,,-0.0727534813,0.5632483904
,,,,,,-0.0741375245,0.5739155159
,,,,,,-0.0755790056,0.5850259502
,,,,,,-0.0770824558,0.596615061
,,,,,,-0.0786903281,0.6087593767
,,,,,,-0.0802219773,0.6213133832
,,,,,,-0.0819667464,0.6346125787
,,,,,,-0.0838126863,0.6485935844
,,,,,,-0.0857555164,0.6633045523
,,,,,,-0.0877899322,0.6787967776
,,,,,,-0.0897935003,0.6949816795
,,,,,,-0.0921285703,0.7123754862
,,,,,,-0.0943226489,0.7304605432
,,,,,,-0.0970153617,0.7501680321
,,,,,,-0.0994987238,0.7706431083
,,,,,,-0.1026081434,0.7931821967
,,,,,,-0.1055004681,0.8166959617
,,,,,,-0.1090807395,0.8427133882
,,,,,,-0.1125271710,0.8701319665
