time,x,y,theta,linear_vel,angular_vel
0.0,0.0,0.0,0.0,0.0,0.0
0.1,0.0,0.005,0.0,0.0033333333333333335,0.0
0.2,0.0,0.01,0.0,0.006666666666666667,0.0
0.30000000000000004,0.0,0.015000000000000001,0.0,0.010000000000000002,0.0
0.4,0.0,0.02,0.0,0.013333333333333334,0.0
0.5,0.0,0.024999999999999998,0.0,0.016666666666666666,0.0
0.6,0.0,0.029999999999999995,0.0,0.02,0.0
0.7,0.0,0.034999999999999996,0.0,0.02333333333333333,0.0
0.7999999999999999,0.0,0.039999999999999994,0.0,0.026666666666666665,0.0
0.8999999999999999,0.0,0.04499999999999999,0.0,0.029999999999999995,0.0
0.9999999999999999,0.0,0.04999999999999999,0.0,0.033333333333333326,0.0
1.0999999999999999,0.0,0.054999999999999986,0.0,0.03666666666666666,0.0
1.2,0.0,0.05999999999999999,0.0,0.04,0.0
1.3,0.0,0.065,0.0,0.043333333333333335,0.0
1.4000000000000001,0.0,0.07,0.0,0.04666666666666667,0.0
1.5000000000000002,0.0,0.07500000000000001,0.0,0.05000000000000001,0.0
1.6000000000000003,0.0,0.08000000000000002,0.0,0.053333333333333344,0.0
1.7000000000000004,0.0,0.085,0.0,0.05666666666666668,0.0
1.8000000000000005,0.0,0.09000000000000001,0.0,0.06000000000000002,0.0
1.9000000000000006,0.0,0.09500000000000001,0.0,0.06333333333333335,0.0
2.0000000000000004,0.0,0.10000000000000002,0.0,0.06666666666666668,0.0
2.1000000000000005,0.0,0.10500000000000002,0.0,0.07000000000000002,0.0
2.2000000000000006,0.0,0.11000000000000003,0.0,0.07333333333333335,0.0
2.3000000000000007,0.0,0.11500000000000003,0.0,0.07666666666666669,0.0
2.400000000000001,0.0,0.12000000000000002,0.0,0.08000000000000003,0.0
2.500000000000001,0.0,0.12500000000000003,0.0,0.08333333333333336,0.0
2.600000000000001,0.0,0.13000000000000003,0.0,0.0866666666666667,0.0
2.700000000000001,0.0,0.13500000000000004,0.0,0.09000000000000004,0.0
2.800000000000001,0.0,0.14000000000000004,0.0,0.09333333333333337,0.0
2.9000000000000012,0.0,0.14500000000000005,0.0,0.0966666666666667,0.0
3.0000000000000013,0.0,0.15000000000000013,0.0,0.1,0.0
3.1000000000000014,0.0,0.16000000000000014,0.0,0.1,0.0
3.2000000000000015,0.0,0.17000000000000015,0.0,0.1,0.0
3.3000000000000016,0.0,0.18000000000000016,0.0,0.1,0.0
3.4000000000000017,0.0,0.19000000000000017,0.0,0.1,0.0
3.5000000000000018,0.0,0.20000000000000018,0.0,0.1,0.0
3.600000000000002,0.0,0.2100000000000002,0.0,0.1,0.0
3.700000000000002,0.0,0.2200000000000002,0.0,0.1,0.0
3.800000000000002,0.0,0.2300000000000002,0.0,0.1,0.0
3.900000000000002,0.0,0.2400000000000002,0.0,0.1,0.0
4.000000000000002,0.0,0.25000000000000017,0.0,0.1,0.0
4.100000000000001,0.0,0.2600000000000001,0.0,0.1,0.0
4.200000000000001,0.0,0.27000000000000013,0.0,0.1,0.0
4.300000000000001,0.0,0.2800000000000001,0.0,0.1,0.0
4.4,0.0,0.29000000000000004,0.0,0.1,0.0
4.5,0.0,0.30000000000000004,0.0,0.1,0.0
4.6,0.0,0.30999999999999994,0.0,0.1,0.0
4.699999999999999,0.0,0.31999999999999995,0.0,0.1,0.0
4.799999999999999,0.0,0.3299999999999999,0.0,0.1,0.0
4.899999999999999,0.0,0.33999999999999986,0.0,0.1,0.0
4.999999999999998,0.0,0.34999999999999987,0.0,0.1,0.0
5.099999999999998,0.0,0.35999999999999976,0.0,0.1,0.0
5.1999999999999975,0.0,0.3699999999999998,0.0,0.1,0.0
5.299999999999997,0.0,0.3799999999999997,0.0,0.1,0.0
5.399999999999997,0.0,0.3899999999999997,0.0,0.1,0.0
5.4999999999999964,0.0,0.3999999999999997,0.0,0.1,0.0
5.599999999999996,0.0,0.4099999999999996,0.0,0.1,0.0
5.699999999999996,0.0,0.4199999999999996,0.0,0.1,0.0
5.799999999999995,0.0,0.4299999999999995,0.0,0.1,0.0
5.899999999999995,0.0,0.4399999999999995,0.0,0.1,0.0
5.999999999999995,0.0,0.4499999999999995,0.0,0.1,0.0
6.099999999999994,0.0,0.4599999999999994,0.0,0.1,0.0
6.199999999999994,0.0,0.4699999999999994,0.0,0.1,0.0
6.299999999999994,0.0,0.4799999999999994,0.0,0.1,0.0
6.399999999999993,0.0,0.4899999999999993,0.0,0.1,0.0
6.499999999999993,0.0,0.49999999999999933,0.0,0.1,0.0
6.5999999999999925,0.0,0.5099999999999992,0.0,0.1,0.0
6.699999999999992,0.0,0.5199999999999992,0.0,0.1,0.0
6.799999999999992,0.0,0.5299999999999992,0.0,0.1,0.0
6.8999999999999915,0.0,0.5399999999999991,0.0,0.1,0.0
6.999999999999991,0.0,0.5499999999999992,0.0,0.1,0.0
7.099999999999991,0.0,0.559999999999999,0.0,0.1,0.0
7.19999999999999,0.0,0.5699999999999991,0.0,0.1,0.0
7.29999999999999,0.0,0.5799999999999991,0.0,0.1,0.0
7.39999999999999,0.0,0.589999999999999,0.0,0.1,0.0
7.499999999999989,0.0,0.599999999999999,0.0,0.1,0.0
7.599999999999989,0.0,0.6099999999999989,0.0,0.1,0.0
7.699999999999989,0.0,0.6199999999999989,0.0,0.1,0.0
7.799999999999988,0.0,0.6299999999999989,0.0,0.1,0.0
7.899999999999988,0.0,0.6399999999999988,0.0,0.1,0.0
7.999999999999988,0.0,0.6499999999999988,0.0,0.1,0.0
8.099999999999987,0.0,0.65,0.0,0.1,0.28571428571428575
8.199999999999987,0.0,0.65,0.0,0.1,0.28571428571428575
8.299999999999986,0.0,0.65,0.0,0.1,0.28571428571428575
8.399999999999986,0.0,0.65,0.0,0.1,0.28571428571428575
8.499999999999986,0.0,0.65,0.0,0.1,0.28571428571428575
8.599999999999985,0.0,0.65,0.0,0.1,0.28571428571428575
8.699999999999985,0.0,0.65,0.0,0.1,0.28571428571428575
8.799999999999985,0.0,0.65,0.0,0.1,0.28571428571428575
8.899999999999984,0.0,0.65,0.0,0.1,0.28571428571428575
8.999999999999984,0.0,0.65,0.0,0.1,0.28571428571428575
9.099999999999984,0.0,0.65,0.0,0.1,0.28571428571428575
9.199999999999983,0.0,0.65,0.0,0.1,0.28571428571428575
9.299999999999983,0.0,0.65,0.0,0.1,0.28571428571428575
9.399999999999983,0.0,0.65,0.0,0.1,0.28571428571428575
9.499999999999982,0.0,0.65,0.0,0.1,0.28571428571428575
9.599999999999982,0.0,0.65,0.0,0.1,0.28571428571428575
9.699999999999982,0.0,0.65,0.0,0.1,0.28571428571428575
9.799999999999981,0.0,0.65,0.0,0.1,0.28571428571428575
9.89999999999998,0.0,0.65,0.0,0.1,0.28571428571428575
9.99999999999998,0.0,0.65,0.0,0.1,0.28571428571428575
10.09999999999998,0.0,0.65,0.0,0.1,0.28571428571428575
10.19999999999998,0.0,0.65,0.0,0.1,0.28571428571428575
10.29999999999998,0.0,0.65,0.0,0.1,0.28571428571428575
10.399999999999979,0.0,0.65,0.0,0.1,0.28571428571428575
10.499999999999979,0.0,0.65,0.0,0.1,0.28571428571428575
10.599999999999978,0.0,0.65,0.0,0.1,0.28571428571428575
10.699999999999978,0.0,0.65,0.0,0.1,0.28571428571428575
10.799999999999978,0.0,0.65,0.0,0.1,0.28571428571428575
10.899999999999977,0.0,0.65,0.0,0.1,0.28571428571428575
10.999999999999977,0.0,0.65,0.0,0.1,0.28571428571428575
11.099999999999977,0.0,0.65,0.0,0.1,0.28571428571428575
11.199999999999976,0.0,0.65,0.0,0.1,0.28571428571428575
11.299999999999976,0.0,0.65,0.0,0.1,0.28571428571428575
11.399999999999975,0.0,0.65,0.0,0.1,0.28571428571428575
11.499999999999975,0.0,0.65,0.0,0.1,0.28571428571428575
11.599999999999975,0.0,0.65,0.0,0.1,0.28571428571428575
11.699999999999974,0.0,0.65,0.0,0.1,0.28571428571428575
11.799999999999974,0.0,0.65,0.0,0.1,0.28571428571428575
11.899999999999974,0.0,0.65,0.0,0.1,0.28571428571428575
11.999999999999973,0.0,0.65,0.0,0.1,0.28571428571428575
12.099999999999973,0.0,0.65,0.0,0.1,0.28571428571428575
12.199999999999973,0.0,0.65,0.0,0.1,0.28571428571428575
12.299999999999972,0.0,0.65,0.0,0.1,0.28571428571428575
12.399999999999972,0.0,0.65,0.0,0.1,0.28571428571428575
12.499999999999972,0.0,0.65,0.0,0.1,0.28571428571428575
12.599999999999971,0.0,0.65,0.0,0.1,0.28571428571428575
12.69999999999997,0.0,0.65,0.0,0.1,0.28571428571428575
12.79999999999997,0.0,0.65,0.0,0.1,0.28571428571428575
12.89999999999997,0.0,0.65,0.0,0.1,0.28571428571428575
12.99999999999997,0.0,0.65,0.0,0.1,0.28571428571428575
13.09999999999997,0.0,0.6499999999999999,0.0,0.1,0.28571428571428575
13.199999999999969,0.00014284742494857783,0.6599986395113135,0.028571428571428473,0.1,0.28571428571428575
13.299999999999969,0.0005712730975840352,0.6699891174231576,0.05714285714285695,0.1,0.28571428571428575
13.399999999999968,0.0012849273064541311,0.6799632787981393,0.08571428571428542,0.1,0.28571428571428575
13.499999999999968,0.002283227516324482,0.6899129820175821,0.1142857142857139,0.1,0.28571428571428575
13.599999999999968,0.003565358843684696,0.6998301054272921,0.14285714285714238,0.1,0.28571428571428575
13.699999999999967,0.005130274721914463,0.7097065539670294,0.17142857142857085,0.1,0.28571428571428575
13.799999999999967,0.006976697755565364,0.7195342657782712,0.19999999999999934,0.1,0.28571428571428575
13.899999999999967,0.009103120763061856,0.7293052187848722,0.2285714285714278,0.1,0.28571428571428575
13.999999999999966,0.011507808006969933,0.7390114372412537,0.2571428571428563,0.1,0.28571428571428575
14.099999999999966,0.014188796610828835,0.7486449982427731,0.28571428571428475,0.1,0.28571428571428575
14.199999999999966,0.01714389816139078,0.7581980381929608,0.3142857142857132,0.1,0.28571428571428575
14.299999999999965,0.02037070049495887,0.7676627592223465,0.3428571428571417,0.1,0.28571428571428575
14.399999999999965,0.02386656966636641,0.7770314355536336,0.37142857142857016,0.1,0.28571428571428575
14.499999999999964,0.027628652098990014,0.7862964198080271,0.3999999999999987,0.1,0.28571428571428575
14.599999999999964,0.03165387691404142,0.7954501492475676,0.42857142857142716,0.1,0.28571428571428575
14.699999999999964,0.03593895843723682,0.8044851519483744,0.4571428571428556,0.1,0.28571428571428575
14.799999999999963,0.04048039888079741,0.8133940528997605,0.48571428571428404,0.1,0.28571428571428575
14.899999999999963,0.04527449119859234,0.8221695800242401,0.5142857142857126,0.1,0.28571428571428575
14.999999999999963,0.0503173221120925,0.8308045701135143,0.542857142857141,0.1,0.28571428571428575
15.099999999999962,0.0556047753046669,0.8392919746755904,0.5714285714285695,0.1,0.28571428571428575
15.199999999999962,0.061132534781612125,0.8476248656882617,0.599999999999998,0.1,0.28571428571428575
15.299999999999962,0.06689608839317379,0.8557964412542509,0.6285714285714264,0.1,0.28571428571428575
15.399999999999961,0.07289073151768344,0.8638000311534014,0.6571428571428549,0.1,0.28571428571428575
15.499999999999961,0.0791115709018051,0.8716291022873852,0.6857142857142834,0.1,0.28571428571428575
15.59999999999996,0.08555352865475557,0.8792772640124807,0.7142857142857119,0.1,0.28571428571428575
15.69999999999996,0.0922113463932398,0.886738273356071,0.7428571428571403,0.1,0.28571428571428575
15.79999999999996,0.09907958953371654,0.8940060401126002,0.7714285714285688,0.1,0.28571428571428575
15.89999999999996,0.10615265172849134,0.9010746318148323,0.7999999999999974,0.1,0.28571428571428575
15.99999999999996,0.11342475944201544,0.9079382785763519,0.8285714285714258,0.1,0.28571428571428575
16.09999999999996,0.12088997666365553,0.9145913778013556,0.8571428571428543,0.1,0.28571428571428575
16.19999999999996,0.1285422097530873,0.9210284987578878,0.8857142857142832,0.1,0.28571428571428575
16.29999999999996,0.1363752124143565,0.92724438701079,0.9142857142857123,0.1,0.28571428571428575
16.399999999999963,0.14438259079455049,0.933233968710744,0.9428571428571412,0.1,0.28571428571428575
16.499999999999964,0.15255780870291338,0.9389923547359076,0.9714285714285702,0.1,0.28571428571428575
16.599999999999966,0.16089419294615076,0.9445148446827636,0.9999999999999991,0.1,0.28571428571428575
16.699999999999967,0.16938493877556232,0.949796930702922,1.028571428571428,0.1,0.28571428571428575
16.79999999999997,0.17802311544156124,0.9548343011827465,1.0571428571428572,0.1,0.28571428571428575
16.89999999999997,0.18680167185104535,0.9596228442628001,1.085714285714286,0.1,0.28571428571428575
16.99999999999997,0.1957134423229977,0.964158651194235,1.114285714285715,0.1,0.28571428571428575
17.099999999999973,0.2047511524376266,0.9684380195293936,1.1428571428571441,0.1,0.28571428571428575
17.199999999999974,0.21390742497426113,0.9724574561440061,1.171428571428573,0.1,0.28571428571428575
17.299999999999976,0.2231747859331648,0.9762136800885295,1.200000000000002,0.1,0.28571428571428575
17.399999999999977,0.2325456706363428,0.979703625266289,1.2285714285714309,0.1,0.28571428571428575
17.49999999999998,0.24201242990236999,0.9829244429362456,1.25714285714286,0.1,0.28571428571428575
17.59999999999998,0.2515673362901969,0.98587350403834,1.285714285714289,0.1,0.28571428571428575
17.69999999999998,0.2612025904068337,0.9885484013395182,1.3142857142857178,0.1,0.28571428571428575
17.799999999999983,0.27091032727377073,0.9909469513986859,1.342857142857147,0.1,0.28571428571428575
17.899999999999984,0.2806826227469301,0.9930671963489888,1.3714285714285759,0.1,0.28571428571428575
17.999999999999986,0.29051149998491727,0.9949074054959614,1.4000000000000048,0.1,0.28571428571428575
18.099999999999987,0.30038893596028265,0.9964660767302437,1.428571428571434,0.1,0.28571428571428575
18.19999999999999,0.310306868008488,0.9977419377537089,1.4571428571428628,0.1,0.28571428571428575
18.29999999999999,0.3202572004092258,0.9987339471180043,1.485714285714292,0.1,0.28571428571428575
18.39999999999999,0.33023181099471965,0.9994412950746542,1.514285714285721,0.1,0.28571428571428575
18.499999999999993,0.3402225577796149,0.9998634042360347,1.5428571428571498,0.1,0.28571428571428575
18.599999999999994,0.35,1.0,1.5707963267948966,0.1,0.0
18.699999999999996,0.35,1.0,1.5707963267948966,0.1,0.0
18.799999999999997,0.35,1.0,1.5707963267948966,0.1,0.0
18.9,0.35,1.0,1.5707963267948966,0.1,0.0
19.0,0.35,1.0,1.5707963267948966,0.1,0.0
19.1,0.35,1.0,1.5707963267948966,0.1,0.0
19.200000000000003,0.35,1.0,1.5707963267948966,0.1,0.0
19.300000000000004,0.35,1.0,1.5707963267948966,0.1,0.0
19.400000000000006,0.35,1.0,1.5707963267948966,0.1,0.0
19.500000000000007,0.35,1.0,1.5707963267948966,0.1,0.0
19.60000000000001,0.35,1.0,1.5707963267948966,0.1,0.0
19.70000000000001,0.35,1.0,1.5707963267948966,0.1,0.0
19.80000000000001,0.35,1.0,1.5707963267948966,0.1,0.0
19.900000000000013,0.35,1.0,1.5707963267948966,0.1,0.0
20.000000000000014,0.35,1.0,1.5707963267948966,0.1,0.0
20.100000000000016,0.35,1.0,1.5707963267948966,0.1,0.0
20.200000000000017,0.35,1.0,1.5707963267948966,0.1,0.0
20.30000000000002,0.35,1.0,1.5707963267948966,0.1,0.0
20.40000000000002,0.35,1.0,1.5707963267948966,0.1,0.0
20.50000000000002,0.35,1.0,1.5707963267948966,0.1,0.0
20.600000000000023,0.35,1.0,1.5707963267948966,0.1,0.0
20.700000000000024,0.35,1.0,1.5707963267948966,0.1,0.0
20.800000000000026,0.35,1.0,1.5707963267948966,0.1,0.0
20.900000000000027,0.35,1.0,1.5707963267948966,0.1,0.0
21.00000000000003,0.35,1.0,1.5707963267948966,0.1,0.0
21.10000000000003,0.35,1.0,1.5707963267948966,0.1,0.0
21.20000000000003,0.35,1.0,1.5707963267948966,0.1,0.0
21.300000000000033,0.35,1.0,1.5707963267948966,0.1,0.0
21.400000000000034,0.35,1.0,1.5707963267948966,0.1,0.0
21.500000000000036,0.35,1.0,1.5707963267948966,0.1,0.0
21.600000000000037,0.35,1.0,1.5707963267948966,0.1,0.0
21.70000000000004,0.35,1.0,1.5707963267948966,0.1,0.0
21.80000000000004,0.35,1.0,1.5707963267948966,0.1,0.0
21.90000000000004,0.35,1.0,1.5707963267948966,0.1,0.0
22.000000000000043,0.35,1.0,1.5707963267948966,0.1,0.0
22.100000000000044,0.35,1.0,1.5707963267948966,0.1,0.0
22.200000000000045,0.35,1.0,1.5707963267948966,0.1,0.0
22.300000000000047,0.35,1.0,1.5707963267948966,0.1,0.0
22.40000000000005,0.35,1.0,1.5707963267948966,0.1,0.0
22.50000000000005,0.35,1.0,1.5707963267948966,0.1,0.0
22.60000000000005,0.35,1.0,1.5707963267948966,0.1,0.0
22.700000000000053,0.35,1.0,1.5707963267948966,0.1,0.0
22.800000000000054,0.35,1.0,1.5707963267948966,0.1,0.0
22.900000000000055,0.35,1.0,1.5707963267948966,0.1,0.0
23.000000000000057,0.35,1.0,1.5707963267948966,0.1,0.0
23.10000000000006,0.35,1.0,1.5707963267948966,0.1,0.0
23.20000000000006,0.35,1.0,1.5707963267948966,0.1,0.0
23.30000000000006,0.35,1.0,1.5707963267948966,0.1,0.0
23.400000000000063,0.35,1.0,1.5707963267948966,0.1,0.0
23.500000000000064,0.35,1.0,1.5707963267948966,0.1,0.0
23.600000000000065,0.35,1.0,1.5707963267948966,0.1,0.0
23.700000000000067,0.35,1.0,1.5707963267948966,0.1,0.0
23.800000000000068,0.35,1.0,1.5707963267948966,0.1,0.0
23.90000000000007,0.35,1.0,1.5707963267948966,0.1,0.0
24.00000000000007,0.35,1.0,1.5707963267948966,0.1,0.0
24.100000000000072,0.35,1.0,1.5707963267948966,0.1,0.0
24.200000000000074,0.3600000000000001,1.0,1.5707963267948966,0.1,0.0
24.300000000000075,0.3700000000000003,1.0,1.5707963267948966,0.1,0.0
24.400000000000077,0.3800000000000004,1.0,1.5707963267948966,0.1,0.0
24.500000000000078,0.39000000000000057,1.0,1.5707963267948966,0.1,0.0
24.60000000000008,0.4000000000000007,1.0,1.5707963267948966,0.1,0.0
24.70000000000008,0.41000000000000086,1.0,1.5707963267948966,0.1,0.0
24.800000000000082,0.420000000000001,1.0,1.5707963267948966,0.1,0.0
24.900000000000084,0.43000000000000116,1.0,1.5707963267948966,0.1,0.0
25.000000000000085,0.4400000000000013,1.0,1.5707963267948966,0.1,0.0
25.100000000000087,0.4500000000000014,1.0,1.5707963267948966,0.1,0.0
25.200000000000088,0.4600000000000016,1.0,1.5707963267948966,0.1,0.0
25.30000000000009,0.4700000000000017,1.0,1.5707963267948966,0.1,0.0
25.40000000000009,0.48000000000000187,1.0,1.5707963267948966,0.1,0.0
25.500000000000092,0.490000000000002,1.0,1.5707963267948966,0.1,0.0
25.600000000000094,0.5000000000000021,1.0,1.5707963267948966,0.1,0.0
25.700000000000095,0.5100000000000022,1.0,1.5707963267948966,0.1,0.0
25.800000000000097,0.5200000000000025,1.0,1.5707963267948966,0.1,0.0
25.900000000000098,0.5300000000000026,1.0,1.5707963267948966,0.1,0.0
26.0000000000001,0.5400000000000027,1.0,1.5707963267948966,0.1,0.0
26.1000000000001,0.5500000000000028,1.0,1.5707963267948966,0.1,0.0
26.200000000000102,0.5600000000000029,1.0,1.5707963267948966,0.1,0.0
26.300000000000104,0.5700000000000032,1.0,1.5707963267948966,0.1,0.0
26.400000000000105,0.5800000000000033,1.0,1.5707963267948966,0.1,0.0
26.500000000000107,0.5900000000000034,1.0,1.5707963267948966,0.1,0.0
26.600000000000108,0.6000000000000036,1.0,1.5707963267948966,0.1,0.0
26.70000000000011,0.6100000000000037,1.0,1.5707963267948966,0.1,0.0
26.80000000000011,0.6200000000000039,1.0,1.5707963267948966,0.1,0.0
26.900000000000112,0.630000000000004,1.0,1.5707963267948966,0.1,0.0
27.000000000000114,0.6400000000000041,1.0,1.5707963267948966,0.1,0.0
27.100000000000115,0.65,1.0,1.5707963267948966,0.1,0.28571428571428575
27.200000000000117,0.65,1.0,1.5707963267948966,0.1,0.28571428571428575
27.300000000000118,0.65,1.0,1.5707963267948966,0.1,0.28571428571428575
27.40000000000012,0.65,1.0,1.5707963267948966,0.1,0.28571428571428575
27.50000000000012,0.65,1.0,1.5707963267948966,0.1,0.28571428571428575
27.600000000000122,0.65,1.0,1.5707963267948966,0.1,0.28571428571428575
27.700000000000124,0.65,1.0,1.5707963267948966,0.1,0.28571428571428575
27.800000000000125,0.65,1.0,1.5707963267948966,0.1,0.28571428571428575
27.900000000000126,0.65,1.0,1.5707963267948966,0.1,0.28571428571428575
28.000000000000128,0.65,1.0,1.5707963267948966,0.1,0.28571428571428575
28.10000000000013,0.65,1.0,1.5707963267948966,0.1,0.28571428571428575
28.20000000000013,0.65,1.0,1.5707963267948966,0.1,0.28571428571428575
28.300000000000132,0.65,1.0,1.5707963267948966,0.1,0.28571428571428575
28.400000000000134,0.65,1.0,1.5707963267948966,0.1,0.28571428571428575
28.500000000000135,0.65,1.0,1.5707963267948966,0.1,0.28571428571428575
28.600000000000136,0.65,1.0,1.5707963267948966,0.1,0.28571428571428575
28.700000000000138,0.65,1.0,1.5707963267948966,0.1,0.28571428571428575
28.80000000000014,0.65,1.0,1.5707963267948966,0.1,0.28571428571428575
28.90000000000014,0.65,1.0,1.5707963267948966,0.1,0.28571428571428575
29.000000000000142,0.65,1.0,1.5707963267948966,0.1,0.28571428571428575
29.100000000000144,0.65,1.0,1.5707963267948966,0.1,0.28571428571428575
29.200000000000145,0.65,1.0,1.5707963267948966,0.1,0.28571428571428575
29.300000000000146,0.65,1.0,1.5707963267948966,0.1,0.28571428571428575
29.400000000000148,0.65,1.0,1.5707963267948966,0.1,0.28571428571428575
29.50000000000015,0.65,1.0,1.5707963267948966,0.1,0.28571428571428575
29.60000000000015,0.65,1.0,1.5707963267948966,0.1,0.28571428571428575
29.700000000000152,0.65,1.0,1.5707963267948966,0.1,0.28571428571428575
29.800000000000153,0.65,1.0,1.5707963267948966,0.1,0.28571428571428575
29.900000000000155,0.65,1.0,1.5707963267948966,0.1,0.28571428571428575
30.000000000000156,0.65,1.0,1.5707963267948966,0.1,0.28571428571428575
30.100000000000158,0.65,1.0,1.5707963267948966,0.1,0.28571428571428575
30.20000000000016,0.6599986395113138,0.9998571525750514,1.5993677553663255,0.1,0.28571428571428575
30.30000000000016,0.669989117423158,0.999428726902416,1.6279391839377544,0.1,0.28571428571428575
30.400000000000162,0.6799632787981399,0.9987150726935459,1.6565106125091835,0.1,0.28571428571428575
30.500000000000163,0.6899129820175829,0.9977167724836754,1.6850820410806124,0.1,0.28571428571428575
30.600000000000165,0.699830105427293,0.9964346411563152,1.7136534696520414,0.1,0.28571428571428575
30.700000000000166,0.7097065539670305,0.9948697252780854,1.7422248982234703,0.1,0.28571428571428575
30.800000000000168,0.7195342657782724,0.9930233022444344,1.7707963267948994,0.1,0.28571428571428575
30.90000000000017,0.7293052187848735,0.9908968792369377,1.7993677553663283,0.1,0.28571428571428575
31.00000000000017,0.7390114372412553,0.9884921919930296,1.8279391839377572,0.1,0.28571428571428575
31.100000000000172,0.7486449982427749,0.9858112033891706,1.8565106125091861,0.1,0.28571428571428575
31.200000000000173,0.7581980381929627,0.9828561018386086,1.885082041080615,0.1,0.28571428571428575
31.300000000000175,0.7676627592223485,0.9796292995050404,1.9136534696520442,0.1,0.28571428571428575
31.400000000000176,0.7770314355536357,0.9761334303336328,1.942224898223473,0.1,0.28571428571428575
31.500000000000178,0.7862964198080294,0.972371347901009,1.970796326794902,0.1,0.28571428571428575
31.60000000000018,0.7954501492475701,0.9683461230859576,1.9993677553663312,0.1,0.28571428571428575
31.70000000000018,0.804485151948377,0.964061041562762,2.02793918393776,0.1,0.28571428571428575
31.800000000000182,0.8133940528997632,0.9595196011192011,2.056510612509189,0.1,0.28571428571428575
31.900000000000183,0.8221695800242428,0.9547255088014062,2.085082041080618,0.1,0.28571428571428575
32.000000000000185,0.8308045701135172,0.9496826778879057,2.113653469652047,0.1,0.28571428571428575
32.100000000000186,0.8392919746755934,0.9443952246953311,2.1422248982234757,0.1,0.28571428571428575
32.20000000000019,0.8476248656882648,0.9388674652183857,2.1707963267949046,0.1,0.28571428571428575
32.30000000000019,0.855796441254254,0.9331039116068239,2.1993677553663336,0.1,0.28571428571428575
32.40000000000019,0.8638000311534046,0.9271092684823141,2.227939183937763,0.1,0.28571428571428575
32.50000000000019,0.8716291022873884,0.9208884290981922,2.256510612509192,0.1,0.28571428571428575
32.60000000000019,0.8792772640124842,0.9144464713452416,2.2850820410806207,0.1,0.28571428571428575
32.700000000000195,0.8867382733560744,0.9077886536067572,2.3136534696520497,0.1,0.28571428571428575
32.800000000000196,0.8940060401126035,0.9009204104662801,2.3422248982234786,0.1,0.28571428571428575
32.9000000000002,0.9010746318148357,0.8938473482715051,2.3707963267949075,0.1,0.28571428571428575
33.0000000000002,0.9079382785763555,0.8865752405579809,2.3993677553663364,0.1,0.28571428571428575
33.1000000000002,0.914591377801359,0.8791100233363405,2.4279391839377658,0.1,0.28571428571428575
33.2000000000002,0.9210284987578912,0.8714577902469087,2.4565106125091942,0.1,0.28571428571428575
33.3000000000002,0.9272443870107931,0.8636247875856393,2.4850820410806236,0.1,0.28571428571428575
33.400000000000205,0.933233968710747,0.8556174092054454,2.5136534696520525,0.1,0.28571428571428575
33.500000000000206,0.9389923547359106,0.8474421912970822,2.5422248982234814,0.1,0.28571428571428575
33.60000000000021,0.9445148446827664,0.8391058070538449,2.5707963267949103,0.1,0.28571428571428575
33.70000000000021,0.9497969307029246,0.8306150612244334,2.5993677553663392,0.1,0.28571428571428575
33.80000000000021,0.9548343011827491,0.8219768845584342,2.627939183937768,0.1,0.28571428571428575
33.90000000000021,0.9596228442628023,0.8131983281489502,2.656510612509197,0.1,0.28571428571428575
34.00000000000021,0.9641586511942373,0.8042865576769976,2.685082041080626,0.1,0.28571428571428575
34.100000000000215,0.9684380195293957,0.7952488475623687,2.713653469652055,0.1,0.28571428571428575
34.200000000000216,0.9724574561440082,0.786092575025734,2.7422248982234843,0.1,0.28571428571428575
34.30000000000022,0.9762136800885313,0.7768252140668304,2.7707963267949127,0.1,0.28571428571428575
34.40000000000022,0.9797036252662907,0.7674543293636524,2.799367755366342,0.1,0.28571428571428575
34.50000000000022,0.9829244429362471,0.7579875700976251,2.827939183937771,0.1,0.28571428571428575
34.60000000000022,0.9858735040383415,0.7484326637097982,2.8565106125092,0.1,0.28571428571428575
34.70000000000022,0.9885484013395195,0.7387974095931613,2.885082041080629,0.1,0.28571428571428575
34.800000000000225,0.9909469513986872,0.7290896727262243,2.9136534696520577,0.1,0.28571428571428575
34.900000000000226,0.9930671963489898,0.7193173772530647,2.942224898223487,0.1,0.28571428571428575
35.00000000000023,0.9949074054959622,0.7094885000150777,2.9707963267949156,0.1,0.28571428571428575
35.10000000000023,0.9964660767302443,0.6996110640397123,2.999367755366345,0.1,0.28571428571428575
35.20000000000023,0.9977419377537096,0.689693131991507,3.0279391839377734,0.1,0.28571428571428575
35.30000000000023,0.9987339471180048,0.6797427995907692,3.0565106125092028,0.1,0.28571428571428575
35.40000000000023,0.9994412950746545,0.6697681890052755,3.0850820410806317,0.1,0.28571428571428575
35.500000000000234,0.9998634042360348,0.65977744222038,3.1136534696520606,0.1,0.28571428571428575
35.600000000000236,1.0,0.65,3.141592653589793,0.1,0.0
35.70000000000024,1.0,0.65,3.141592653589793,0.1,0.0
35.80000000000024,1.0,0.65,3.141592653589793,0.1,0.0
35.90000000000024,1.0,0.65,3.141592653589793,0.1,0.0
36.00000000000024,1.0,0.65,3.141592653589793,0.1,0.0
36.10000000000024,1.0,0.65,3.141592653589793,0.1,0.0
36.200000000000244,1.0,0.65,3.141592653589793,0.1,0.0
36.300000000000246,1.0,0.65,3.141592653589793,0.1,0.0
36.40000000000025,1.0,0.65,3.141592653589793,0.1,0.0
36.50000000000025,1.0,0.65,3.141592653589793,0.1,0.0
36.60000000000025,1.0,0.65,3.141592653589793,0.1,0.0
36.70000000000025,1.0,0.65,3.141592653589793,0.1,0.0
36.80000000000025,1.0,0.65,3.141592653589793,0.1,0.0
36.900000000000254,1.0,0.65,3.141592653589793,0.1,0.0
37.000000000000256,1.0,0.65,3.141592653589793,0.1,0.0
37.10000000000026,1.0,0.65,3.141592653589793,0.1,0.0
37.20000000000026,1.0,0.65,3.141592653589793,0.1,0.0
37.30000000000026,1.0,0.65,3.141592653589793,0.1,0.0
37.40000000000026,1.0,0.65,3.141592653589793,0.1,0.0
37.50000000000026,1.0,0.65,3.141592653589793,0.1,0.0
37.600000000000264,1.0,0.65,3.141592653589793,0.1,0.0
37.700000000000266,1.0,0.65,3.141592653589793,0.1,0.0
37.80000000000027,1.0,0.65,3.141592653589793,0.1,0.0
37.90000000000027,1.0,0.65,3.141592653589793,0.1,0.0
38.00000000000027,1.0,0.65,3.141592653589793,0.1,0.0
38.10000000000027,1.0,0.65,3.141592653589793,0.1,0.0
38.20000000000027,1.0,0.65,3.141592653589793,0.1,0.0
38.300000000000274,1.0,0.65,3.141592653589793,0.1,0.0
38.400000000000276,1.0,0.65,3.141592653589793,0.1,0.0
38.50000000000028,1.0,0.65,3.141592653589793,0.1,0.0
38.60000000000028,1.0,0.65,3.141592653589793,0.1,0.0
38.70000000000028,1.0,0.65,3.141592653589793,0.1,0.0
38.80000000000028,1.0,0.65,3.141592653589793,0.1,0.0
38.90000000000028,1.0,0.65,3.141592653589793,0.1,0.0
39.000000000000284,1.0,0.65,3.141592653589793,0.1,0.0
39.100000000000286,1.0,0.65,3.141592653589793,0.1,0.0
39.20000000000029,1.0,0.65,3.141592653589793,0.1,0.0
39.30000000000029,1.0,0.65,3.141592653589793,0.1,0.0
39.40000000000029,1.0,0.65,3.141592653589793,0.1,0.0
39.50000000000029,1.0,0.65,3.141592653589793,0.1,0.0
39.60000000000029,1.0,0.65,3.141592653589793,0.1,0.0
39.700000000000294,1.0,0.65,3.141592653589793,0.1,0.0
39.800000000000296,1.0,0.65,3.141592653589793,0.1,0.0
39.9000000000003,1.0,0.65,3.141592653589793,0.1,0.0
40.0000000000003,1.0,0.65,3.141592653589793,0.1,0.0
40.1000000000003,1.0,0.65,3.141592653589793,0.1,0.0
40.2000000000003,1.0,0.65,3.141592653589793,0.1,0.0
40.3000000000003,1.0,0.65,3.141592653589793,0.1,0.0
40.400000000000304,1.0,0.65,3.141592653589793,0.1,0.0
40.500000000000306,1.0,0.65,3.141592653589793,0.1,0.0
40.60000000000031,1.0,0.65,3.141592653589793,0.1,0.0
40.70000000000031,1.0,0.65,3.141592653589793,0.1,0.0
40.80000000000031,1.0,0.65,3.141592653589793,0.1,0.0
40.90000000000031,1.0,0.65,3.141592653589793,0.1,0.0
41.00000000000031,1.0,0.65,3.141592653589793,0.1,0.0
41.100000000000314,1.0,0.65,3.141592653589793,0.1,0.0
41.200000000000315,1.0,0.6399999999999999,3.141592653589793,0.1,0.0
41.30000000000032,1.0,0.6299999999999998,3.141592653589793,0.1,0.0
41.40000000000032,1.0,0.6199999999999996,3.141592653589793,0.1,0.0
41.50000000000032,1.0,0.6099999999999994,3.141592653589793,0.1,0.0
41.60000000000032,1.0,0.5999999999999993,3.141592653589793,0.1,0.0
41.70000000000032,1.0,0.5899999999999992,3.141592653589793,0.1,0.0
41.800000000000324,1.0,0.579999999999999,3.141592653589793,0.1,0.0
41.900000000000325,1.0,0.5699999999999988,3.141592653589793,0.1,0.0
42.00000000000033,1.0,0.5599999999999987,3.141592653589793,0.1,0.0
42.10000000000033,1.0,0.5499999999999986,3.141592653589793,0.1,0.0
42.20000000000033,1.0,0.5399999999999985,3.141592653589793,0.1,0.0
42.30000000000033,1.0,0.5299999999999983,3.141592653589793,0.1,0.0
42.40000000000033,1.0,0.5199999999999981,3.141592653589793,0.1,0.0
42.500000000000334,1.0,0.509999999999998,3.141592653589793,0.1,0.0
42.600000000000335,1.0,0.4999999999999979,3.141592653589793,0.1,0.0
42.70000000000034,1.0,0.4899999999999977,3.141592653589793,0.1,0.0
42.80000000000034,1.0,0.47999999999999754,3.141592653589793,0.1,0.0
42.90000000000034,1.0,0.4699999999999974,3.141592653589793,0.1,0.0
43.00000000000034,1.0,0.4599999999999973,3.141592653589793,0.1,0.0
43.10000000000034,1.0,0.4499999999999972,3.141592653589793,0.1,0.0
43.200000000000344,1.0,0.439999999999997,3.141592653589793,0.1,0.0
43.300000000000345,1.0,0.42999999999999683,3.141592653589793,0.1,0.0
43.40000000000035,1.0,0.4199999999999967,3.141592653589793,0.1,0.0
43.50000000000035,1.0,0.4099999999999966,3.141592653589793,0.1,0.0
43.60000000000035,1.0,0.3999999999999964,3.141592653589793,0.1,0.0
43.70000000000035,1.0,0.3899999999999963,3.141592653589793,0.1,0.0
43.80000000000035,1.0,0.3799999999999961,3.141592653589793,0.1,0.0
43.900000000000354,1.0,0.369999999999996,3.141592653589793,0.1,0.0
44.000000000000355,1.0,0.3599999999999958,3.141592653589793,0.1,0.0
44.10000000000036,1.0,0.35,3.141592653589793,0.1,0.28571428571428575
44.20000000000036,1.0,0.35,3.141592653589793,0.1,0.28571428571428575
44.30000000000036,1.0,0.35,3.141592653589793,0.1,0.28571428571428575
44.40000000000036,1.0,0.35,3.141592653589793,0.1,0.28571428571428575
44.50000000000036,1.0,0.35,3.141592653589793,0.1,0.28571428571428575
44.600000000000364,1.0,0.35,3.141592653589793,0.1,0.28571428571428575
44.700000000000365,1.0,0.35,3.141592653589793,0.1,0.28571428571428575
44.80000000000037,1.0,0.35,3.141592653589793,0.1,0.28571428571428575
44.90000000000037,1.0,0.35,3.141592653589793,0.1,0.28571428571428575
45.00000000000037,1.0,0.35,3.141592653589793,0.1,0.28571428571428575
45.10000000000037,1.0,0.35,3.141592653589793,0.1,0.28571428571428575
45.20000000000037,1.0,0.35,3.141592653589793,0.1,0.28571428571428575
45.300000000000374,1.0,0.35,3.141592653589793,0.1,0.28571428571428575
45.400000000000375,1.0,0.35,3.141592653589793,0.1,0.28571428571428575
45.50000000000038,1.0,0.35,3.141592653589793,0.1,0.28571428571428575
45.60000000000038,1.0,0.35,3.141592653589793,0.1,0.28571428571428575
45.70000000000038,1.0,0.35,3.141592653589793,0.1,0.28571428571428575
45.80000000000038,1.0,0.35,3.141592653589793,0.1,0.28571428571428575
45.90000000000038,1.0,0.35,3.141592653589793,0.1,0.28571428571428575
46.000000000000384,1.0,0.35,3.141592653589793,0.1,0.28571428571428575
46.100000000000385,1.0,0.35,3.141592653589793,0.1,0.28571428571428575
46.20000000000039,1.0,0.35,3.141592653589793,0.1,0.28571428571428575
46.30000000000039,1.0,0.35,3.141592653589793,0.1,0.28571428571428575
46.40000000000039,1.0,0.35,3.141592653589793,0.1,0.28571428571428575
46.50000000000039,1.0,0.35,3.141592653589793,0.1,0.28571428571428575
46.60000000000039,1.0,0.35,3.141592653589793,0.1,0.28571428571428575
46.700000000000394,1.0,0.35,3.141592653589793,0.1,0.28571428571428575
46.800000000000395,1.0,0.35,3.141592653589793,0.1,0.28571428571428575
46.9000000000004,1.0,0.35,3.141592653589793,0.1,0.28571428571428575
47.0000000000004,1.0,0.35,3.141592653589793,0.1,0.28571428571428575
47.1000000000004,1.0,0.35,3.141592653589793,0.1,0.28571428571428575
47.2000000000004,0.9998571525750514,0.34000136048868623,3.170164082161222,0.1,0.28571428571428575
47.3000000000004,0.999428726902416,0.33001088257684197,3.198735510732651,0.1,0.28571428571428575
47.400000000000404,0.9987150726935459,0.32003672120186005,3.2273069393040803,0.1,0.28571428571428575
47.500000000000405,0.9977167724836754,0.3100870179824171,3.255878367875509,0.1,0.28571428571428575
47.600000000000406,0.9964346411563152,0.300169894572707,3.284449796446938,0.1,0.28571428571428575
47.70000000000041,0.9948697252780854,0.29029344603296947,3.313021225018367,0.1,0.28571428571428575
47.80000000000041,0.9930233022444344,0.28046573422172755,3.341592653589796,0.1,0.28571428571428575
47.90000000000041,0.9908968792369377,0.27069478121512636,3.3701640821612253,0.1,0.28571428571428575
48.00000000000041,0.9884921919930296,0.2609885627587446,3.3987355107326542,0.1,0.28571428571428575
48.10000000000041,0.9858112033891706,0.2513550017572251,3.427306939304083,0.1,0.28571428571428575
48.200000000000415,0.9828561018386086,0.24180196180703722,3.455878367875512,0.1,0.28571428571428575
48.300000000000416,0.9796292995050404,0.23233724077765133,3.484449796446941,0.1,0.28571428571428575
48.40000000000042,0.9761334303336326,0.22296856444636412,3.5130212250183703,0.1,0.28571428571428575
48.50000000000042,0.972371347901009,0.21370358019197036,3.5415926535897992,0.1,0.28571428571428575
48.60000000000042,0.9683461230859574,0.20454985075242976,3.570164082161228,0.1,0.28571428571428575
48.70000000000042,0.9640610415627618,0.19551484805162286,3.598735510732657,0.1,0.28571428571428575
48.80000000000042,0.9595196011192011,0.18660594710023667,3.627306939304086,0.1,0.28571428571428575
48.900000000000425,0.9547255088014059,0.17783041997575688,3.6558783678755153,0.1,0.28571428571428575
49.000000000000426,0.9496826778879057,0.16919542988648278,3.684449796446944,0.1,0.28571428571428575
49.10000000000043,0.9443952246953311,0.16070802532440642,3.713021225018373,0.1,0.28571428571428575
49.20000000000043,0.9388674652183857,0.15237513431173505,3.741592653589802,0.1,0.28571428571428575
49.30000000000043,0.9331039116068238,0.14420355874574584,3.770164082161231,0.1,0.28571428571428575
49.40000000000043,0.9271092684823139,0.1361999688465951,3.7987355107326604,0.1,0.28571428571428575
49.50000000000043,0.920888429098192,0.1283708977126113,3.8273069393040893,0.1,0.28571428571428575
49.600000000000435,0.9144464713452414,0.12072273598751565,3.855878367875518,0.1,0.28571428571428575
49.700000000000436,0.9077886536067569,0.11326172664392539,3.884449796446947,0.1,0.28571428571428575
49.80000000000044,0.90092041046628,0.10599395988739624,3.913021225018376,0.1,0.28571428571428575
49.90000000000044,0.8938473482715048,0.09892536818516406,3.9415926535898054,0.1,0.28571428571428575
50.00000000000044,0.8865752405579806,0.0920617214236445,3.970164082161234,0.1,0.28571428571428575
50.10000000000044,0.8791100233363403,0.0854086221986407,3.998735510732663,0.1,0.28571428571428575
50.20000000000044,0.8714577902469084,0.07897150124210867,4.027306939304092,0.1,0.28571428571428575
50.300000000000445,0.8636247875856391,0.07275561298920658,4.055878367875521,0.1,0.28571428571428575
50.400000000000446,0.8556174092054449,0.06676603128925263,4.08444979644695,0.1,0.28571428571428575
50.50000000000045,0.8474421912970819,0.06100764526408914,4.113021225018379,0.1,0.28571428571428575
50.60000000000045,0.8391058070538445,0.05548515531723336,4.141592653589808,0.1,0.28571428571428575
50.70000000000045,0.830615061224433,0.05020306929707513,4.170164082161238,0.1,0.28571428571428575
50.80000000000045,0.8219768845584339,0.04516569881725069,4.198735510732666,0.1,0.28571428571428575
50.90000000000045,0.8131983281489498,0.04037715573719741,4.2273069393040945,0.1,0.28571428571428575
51.000000000000455,0.8042865576769971,0.035841348805762396,4.255878367875525,0.1,0.28571428571428575
51.100000000000456,0.7952488475623682,0.031561980470604156,4.284449796446953,0.1,0.28571428571428575
51.20000000000046,0.7860925750257335,0.02754254385599164,4.313021225018382,0.1,0.28571428571428575
51.30000000000046,0.7768252140668299,0.023786319911468512,4.341592653589811,0.1,0.28571428571428575
51.40000000000046,0.7674543293636519,0.020296374733709044,4.37016408216124,0.1,0.28571428571428575
51.50000000000046,0.7579875700976246,0.01707555706375269,4.398735510732669,0.1,0.28571428571428575
51.60000000000046,0.7484326637097977,0.01412649596165838,4.427306939304098,0.1,0.28571428571428575
51.700000000000465,0.7387974095931606,0.011451598660480344,4.455878367875528,0.1,0.28571428571428575
51.800000000000466,0.7290896727262237,0.00905304860131273,4.484449796446956,0.1,0.28571428571428575
51.90000000000047,0.719317377253064,0.006932803651010067,4.513021225018385,0.1,0.28571428571428575
52.00000000000047,0.7094885000150772,0.005092594504037706,4.541592653589814,0.1,0.28571428571428575
52.10000000000047,0.6996110640397117,0.0035339232697555456,4.570164082161243,0.1,0.28571428571428575
52.20000000000047,0.6896931319915063,0.002258062246290382,4.598735510732672,0.1,0.28571428571428575
52.30000000000047,0.6797427995907686,0.0012660528819952166,4.627306939304101,0.1,0.28571428571428575
52.400000000000475,0.6697681890052747,0.0005587049253455434,4.65587836787553,0.1,0.28571428571428575
52.500000000000476,0.6597774422203795,0.0001365957639651305,4.684449796446959,0.1,0.28571428571428575
52.60000000000048,0.65,0.0,4.71238898038469,0.1,0.0
52.70000000000048,0.65,0.0,4.71238898038469,0.1,0.0
52.80000000000048,0.65,0.0,4.71238898038469,0.1,0.0
52.90000000000048,0.65,0.0,4.71238898038469,0.1,0.0
53.00000000000048,0.65,0.0,4.71238898038469,0.1,0.0
53.100000000000485,0.65,0.0,4.71238898038469,0.1,0.0
53.200000000000486,0.65,0.0,4.71238898038469,0.1,0.0
53.30000000000049,0.65,0.0,4.71238898038469,0.1,0.0
53.40000000000049,0.65,0.0,4.71238898038469,0.1,0.0
53.50000000000049,0.65,0.0,4.71238898038469,0.1,0.0
53.60000000000049,0.65,0.0,4.71238898038469,0.1,0.0
53.70000000000049,0.65,0.0,4.71238898038469,0.1,0.0
53.800000000000495,0.65,0.0,4.71238898038469,0.1,0.0
53.900000000000496,0.65,0.0,4.71238898038469,0.1,0.0
54.0000000000005,0.65,0.0,4.71238898038469,0.1,0.0
54.1000000000005,0.65,0.0,4.71238898038469,0.1,0.0
54.2000000000005,0.65,0.0,4.71238898038469,0.1,0.0
54.3000000000005,0.65,0.0,4.71238898038469,0.1,0.0
54.4000000000005,0.65,0.0,4.71238898038469,0.1,0.0
54.500000000000504,0.65,0.0,4.71238898038469,0.1,0.0
54.600000000000506,0.65,0.0,4.71238898038469,0.1,0.0
54.70000000000051,0.65,0.0,4.71238898038469,0.1,0.0
54.80000000000051,0.65,0.0,4.71238898038469,0.1,0.0
54.90000000000051,0.65,0.0,4.71238898038469,0.1,0.0
55.00000000000051,0.65,0.0,4.71238898038469,0.1,0.0
55.10000000000051,0.65,0.0,4.71238898038469,0.1,0.0
55.200000000000514,0.65,0.0,4.71238898038469,0.1,0.0
55.300000000000516,0.65,0.0,4.71238898038469,0.1,0.0
55.40000000000052,0.65,0.0,4.71238898038469,0.1,0.0
55.50000000000052,0.65,0.0,4.71238898038469,0.1,0.0
55.60000000000052,0.65,0.0,4.71238898038469,0.1,0.0
55.70000000000052,0.65,0.0,4.71238898038469,0.1,0.0
55.80000000000052,0.65,0.0,4.71238898038469,0.1,0.0
55.900000000000524,0.65,0.0,4.71238898038469,0.1,0.0
56.000000000000526,0.65,0.0,4.71238898038469,0.1,0.0
56.10000000000053,0.65,0.0,4.71238898038469,0.1,0.0
56.20000000000053,0.65,0.0,4.71238898038469,0.1,0.0
56.30000000000053,0.65,0.0,4.71238898038469,0.1,0.0
56.40000000000053,0.65,0.0,4.71238898038469,0.1,0.0
56.50000000000053,0.65,0.0,4.71238898038469,0.1,0.0
56.600000000000534,0.65,0.0,4.71238898038469,0.1,0.0
56.700000000000536,0.65,0.0,4.71238898038469,0.1,0.0
56.80000000000054,0.65,0.0,4.71238898038469,0.1,0.0
56.90000000000054,0.65,0.0,4.71238898038469,0.1,0.0
57.00000000000054,0.65,0.0,4.71238898038469,0.1,0.0
57.10000000000054,0.65,0.0,4.71238898038469,0.1,0.0
57.20000000000054,0.65,0.0,4.71238898038469,0.1,0.0
57.300000000000544,0.65,0.0,4.71238898038469,0.1,0.0
57.400000000000546,0.65,0.0,4.71238898038469,0.1,0.0
57.50000000000055,0.65,0.0,4.71238898038469,0.1,0.0
57.60000000000055,0.65,0.0,4.71238898038469,0.1,0.0
57.70000000000055,0.65,0.0,4.71238898038469,0.1,0.0
57.80000000000055,0.65,0.0,4.71238898038469,0.1,0.0
57.90000000000055,0.65,0.0,4.71238898038469,0.1,0.0
58.000000000000554,0.65,0.0,4.71238898038469,0.1,0.0
58.100000000000556,0.65,0.0,4.71238898038469,0.1,0.0
58.20000000000056,0.6399999999999999,0.0,4.71238898038469,0.1,0.0
58.30000000000056,0.6299999999999998,0.0,4.71238898038469,0.1,0.0
58.40000000000056,0.6199999999999996,0.0,4.71238898038469,0.1,0.0
58.50000000000056,0.6099999999999994,0.0,4.71238898038469,0.1,0.0
58.60000000000056,0.5999999999999993,0.0,4.71238898038469,0.1,0.0
58.700000000000564,0.5899999999999992,0.0,4.71238898038469,0.1,0.0
58.800000000000566,0.579999999999999,0.0,4.71238898038469,0.1,0.0
58.90000000000057,0.5699999999999988,0.0,4.71238898038469,0.1,0.0
59.00000000000057,0.5599999999999987,0.0,4.71238898038469,0.1,0.0
59.10000000000057,0.5499999999999986,0.0,4.71238898038469,0.1,0.0
59.20000000000057,0.5399999999999985,0.0,4.71238898038469,0.1,0.0
59.30000000000057,0.5299999999999983,0.0,4.71238898038469,0.1,0.0
59.400000000000574,0.5199999999999981,0.0,4.71238898038469,0.1,0.0
59.500000000000576,0.509999999999998,0.0,4.71238898038469,0.1,0.0
59.60000000000058,0.4999999999999979,0.0,4.71238898038469,0.1,0.0
59.70000000000058,0.4899999999999977,0.0,4.71238898038469,0.1,0.0
59.80000000000058,0.47999999999999754,0.0,4.71238898038469,0.1,0.0
59.90000000000058,0.4699999999999974,0.0,4.71238898038469,0.1,0.0
60.00000000000058,0.4599999999999973,0.0,4.71238898038469,0.1,0.0
60.100000000000584,0.4499999999999972,0.0,4.71238898038469,0.1,0.0
60.200000000000585,0.439999999999997,0.0,4.71238898038469,0.1,0.0
60.30000000000059,0.42999999999999683,0.0,4.71238898038469,0.1,0.0
60.40000000000059,0.4199999999999967,0.0,4.71238898038469,0.1,0.0
60.50000000000059,0.4099999999999966,0.0,4.71238898038469,0.1,0.0
60.60000000000059,0.3999999999999964,0.0,4.71238898038469,0.1,0.0
60.70000000000059,0.3899999999999963,0.0,4.71238898038469,0.1,0.0
60.800000000000594,0.3799999999999961,0.0,4.71238898038469,0.1,0.0
60.900000000000595,0.369999999999996,0.0,4.71238898038469,0.1,0.0
61.0000000000006,0.3599999999999958,0.0,4.71238898038469,0.1,0.0
61.1000000000006,0.3499999999999958,0.0,4.712388980384702,0.1,0.28571428571428575
61.2000000000006,0.34000136048868207,0.00014284742494874436,4.740960408956131,0.1,0.28571428571428575
61.3000000000006,0.3300108825768379,0.0005712730975842573,4.76953183752756,0.1,0.28571428571428575
61.4000000000006,0.320036721201856,0.0012849273064545197,4.798103266098988,0.1,0.28571428571428575
61.500000000000604,0.3100870179824131,0.002283227516325037,4.826674694670418,0.1,0.28571428571428575
61.600000000000605,0.300169894572703,0.0035653588436854178,4.855246123241846,0.1,0.28571428571428575
61.70000000000061,0.2902934460329655,0.0051302747219152955,4.883817551813276,0.1,0.28571428571428575
61.80000000000061,0.28046573422172366,0.006976697755566419,4.912388980384704,0.1,0.28571428571428575
61.90000000000061,0.2706947812151225,0.009103120763063133,4.940960408956133,0.1,0.28571428571428575
62.00000000000061,0.2609885627587408,0.01150780800697132,4.969531837527562,0.1,0.28571428571428575
62.10000000000061,0.25135500175722136,0.014188796610830445,4.99810326609899,0.1,0.28571428571428575
62.200000000000614,0.24180196180703356,0.017143898161392612,5.02667469467042,0.1,0.28571428571428575
62.300000000000615,0.23233724077764778,0.02037070049496087,5.055246123241848,0.1,0.28571428571428575
62.40000000000062,0.2229685644463606,0.02386656966636863,5.0838175518132775,0.1,0.28571428571428575
62.50000000000062,0.21370358019196695,0.027628652098992512,5.112388980384706,0.1,0.28571428571428575
62.60000000000062,0.20454985075242638,0.03165387691404414,5.140960408956135,0.1,0.28571428571428575
62.70000000000062,0.19551484805161953,0.035938958437239765,5.169531837527564,0.1,0.28571428571428575
62.80000000000062,0.1866059471002334,0.04048039888080063,5.198103266098993,0.1,0.28571428571428575
62.900000000000624,0.17783041997575394,0.04527449119859572,5.226674694670422,0.1,0.28571428571428575
63.000000000000625,0.16919542988647962,0.05031732211209622,5.255246123241851,0.1,0.28571428571428575
63.10000000000063,0.1607080253244036,0.055604775304670784,5.2838175518132795,0.1,0.28571428571428575
63.20000000000063,0.15237513431173225,0.06113253478161629,5.312388980384709,0.1,0.28571428571428575
63.30000000000063,0.14420355874574306,0.06689608839317818,5.340960408956137,0.1,0.28571428571428575
63.40000000000063,0.13619996884659252,0.07289073151768816,5.369531837527567,0.1,0.28571428571428575
63.50000000000063,0.12837089771260882,0.07911157090181004,5.398103266098995,0.1,0.28571428571428575
63.600000000000634,0.12072273598751321,0.08555352865476074,5.4266746946704245,0.1,0.28571428571428575
63.700000000000635,0.113261726643923,0.0922113463932453,5.455246123241853,0.1,0.28571428571428575
63.80000000000064,0.10599395988739391,0.09907958953372231,5.4838175518132815,0.1,0.28571428571428575
63.90000000000064,0.0989253681851619,0.10615265172849739,5.512388980384711,0.1,0.28571428571428575
64.00000000000064,0.09206172142364227,0.11342475944202174,5.54096040895614,0.1,0.28571428571428575
64.10000000000063,0.0854086221986392,0.1208899766636615,5.569531837527567,0.1,0.28571428571428575
64.20000000000063,0.07897150124210756,0.12854220975309286,5.598103266098994,0.1,0.28571428571428575
64.30000000000062,0.07275561298920602,0.13637521241436165,5.62667469467042,0.1,0.28571428571428575
64.40000000000062,0.06676603128925268,0.14438259079455504,5.655246123241847,0.1,0.28571428571428575
64.50000000000061,0.06100764526408958,0.1525578087029175,5.683817551813274,0.1,0.28571428571428575
64.6000000000006,0.05548515531723425,0.16089419294615417,5.7123889803847,0.1,0.28571428571428575
64.7000000000006,0.050203069297076186,0.16938493877556526,5.740960408956128,0.1,0.28571428571428575
64.8000000000006,0.045165698817252076,0.17802311544156368,5.769531837527555,0.1,0.28571428571428575
64.90000000000059,0.04037715573719908,0.186801671851047,5.798103266098981,0.1,0.28571428571428575
65.00000000000058,0.03584134880576434,0.19571344232299884,5.826674694670408,0.1,0.28571428571428575
65.10000000000058,0.03156198047060621,0.20475115243762718,5.855246123241836,0.1,0.28571428571428575
65.20000000000057,0.027542543855993862,0.21390742497426113,5.883817551813262,0.1,0.28571428571428575
65.30000000000057,0.0237863199114709,0.22317478593316398,5.912388980384689,0.1,0.28571428571428575
65.40000000000056,0.020296374733711597,0.23254567063634107,5.940960408956116,0.1,0.28571428571428575
65.50000000000055,0.01707555706375513,0.24201242990236765,5.969531837527542,0.1,0.28571428571428575
65.60000000000055,0.014126495961660934,0.2515673362901937,5.998103266098969,0.1,0.28571428571428575
65.70000000000054,0.011451598660482842,0.2612025904068298,6.026674694670396,0.1,0.28571428571428575
65.80000000000054,0.009053048601315061,0.2709103272737662,6.055246123241823,0.1,0.28571428571428575
65.90000000000053,0.006932803651012287,0.280682622746925,6.08381755181325,0.1,0.28571428571428575
66.00000000000053,0.005092594504039705,0.29051149998491116,6.112388980384677,0.1,0.28571428571428575
66.10000000000052,0.003533923269757322,0.30038893596027594,6.140960408956104,0.1,0.28571428571428575
66.20000000000051,0.002258062246291881,0.3103068680084806,6.169531837527531,0.1,0.28571428571428575
66.30000000000051,0.0012660528819963823,0.32025720040921746,6.198103266098958,0.1,0.28571428571428575
66.4000000000005,0.0005587049253463761,0.3302318109947104,6.226674694670384,0.1,0.28571428571428575
66.5000000000005,0.0001365957639655746,0.340222557779605,6.255246123241811,0.1,0.28571428571428575
66.60000000000049,0.0,0.3502212856217781,0.0,0.1,0.0
66.70000000000049,0.0,0.3602212856217775,0.0,0.1,0.0
66.80000000000048,0.0,0.370221285621777,0.0,0.1,0.0
66.90000000000047,0.0,0.3802212856217764,0.0,0.1,0.0
67.00000000000047,0.0,0.3902212856217758,0.0,0.1,0.0
67.10000000000046,0.0,0.4002212856217753,0.0,0.1,0.0
67.20000000000046,0.0,0.4102212856217747,0.0,0.1,0.0
67.30000000000045,0.0,0.42022128562177413,0.0,0.1,0.0
67.40000000000045,0.0,0.4302212856217736,0.0,0.1,0.0
67.50000000000044,0.0,0.440221285621773,0.0,0.1,0.0
67.60000000000043,0.0,0.45022128562177244,0.0,0.1,0.0
67.70000000000043,0.0,0.4602212856217719,0.0,0.1,0.0
67.80000000000042,0.0,0.4702212856217713,0.0,0.1,0.0
67.90000000000042,0.0,0.48022128562177074,0.0,0.1,0.0
68.00000000000041,0.0,0.49022128562177014,0.0,0.1,0.0
68.1000000000004,0.0,0.5002212856217696,0.0,0.1,0.0
68.2000000000004,0.0,0.510221285621769,0.0,0.1,0.0
68.3000000000004,0.0,0.5202212856217685,0.0,0.1,0.0
68.40000000000039,0.0,0.5302212856217678,0.0,0.1,0.0
68.50000000000038,0.0,0.5402212856217673,0.0,0.1,0.0
68.60000000000038,0.0,0.5502212856217668,0.0,0.1,0.0
68.70000000000037,0.0,0.5602212856217662,0.0,0.1,0.0
68.80000000000037,0.0,0.5702212856217657,0.0,0.1,0.0
68.90000000000036,0.0,0.580221285621765,0.0,0.1,0.0
69.00000000000036,0.0,0.5902212856217646,0.0,0.1,0.0
69.10000000000035,0.0,0.6002212856217639,0.0,0.1,0.0
69.20000000000034,0.0,0.6102212856217634,0.0,0.1,0.0
69.30000000000034,0.0,0.6202212856217628,0.0,0.1,0.0
69.40000000000033,0.0,0.6302212856217622,0.0,0.1,0.0
69.50000000000033,0.0,0.6402212856217617,0.0,0.1,0.0
69.60000000000032,0.0,0.65,0.0,0.1,0.28571428571428575
69.70000000000032,0.0,0.65,0.0,0.1,0.28571428571428575
69.80000000000031,0.0,0.65,0.0,0.1,0.28571428571428575
69.9000000000003,0.0,0.65,0.0,0.1,0.28571428571428575
70.0000000000003,0.0,0.65,0.0,0.1,0.28571428571428575
70.10000000000029,0.0,0.65,0.0,0.1,0.28571428571428575
70.20000000000029,0.0,0.65,0.0,0.1,0.28571428571428575
70.30000000000028,0.0,0.65,0.0,0.1,0.28571428571428575
70.40000000000028,0.0,0.65,0.0,0.1,0.28571428571428575
70.50000000000027,0.0,0.65,0.0,0.1,0.28571428571428575
70.60000000000026,0.0,0.65,0.0,0.1,0.28571428571428575
70.70000000000026,0.0,0.65,0.0,0.1,0.28571428571428575
70.80000000000025,0.0,0.65,0.0,0.1,0.28571428571428575
70.90000000000025,0.0,0.65,0.0,0.1,0.28571428571428575
71.00000000000024,0.0,0.65,0.0,0.1,0.28571428571428575
71.10000000000024,0.0,0.65,0.0,0.1,0.28571428571428575
71.20000000000023,0.0,0.65,0.0,0.1,0.28571428571428575
71.30000000000022,0.0,0.65,0.0,0.1,0.28571428571428575
71.40000000000022,0.0,0.65,0.0,0.1,0.28571428571428575
71.50000000000021,0.0,0.65,0.0,0.1,0.28571428571428575
71.60000000000021,0.0,0.65,0.0,0.1,0.28571428571428575
71.7000000000002,0.0,0.65,0.0,0.1,0.28571428571428575
71.8000000000002,0.0,0.65,0.0,0.1,0.28571428571428575
71.90000000000019,0.0,0.65,0.0,0.1,0.28571428571428575
72.00000000000018,0.0,0.65,0.0,0.1,0.28571428571428575
72.10000000000018,0.0,0.65,0.0,0.1,0.28571428571428575
72.20000000000017,0.0,0.65,0.0,0.1,0.28571428571428575
72.30000000000017,0.0,0.65,0.0,0.1,0.28571428571428575
72.40000000000016,0.0,0.65,0.0,0.1,0.28571428571428575
72.50000000000016,0.0,0.65,0.0,0.1,0.28571428571428575
72.60000000000015,0.0,0.6499999999999999,0.0,0.1,0.28571428571428575
72.70000000000014,0.00014284742494857783,0.659998639511313,0.028571428571427047,0.1,0.28571428571428575
72.80000000000014,0.0005712730975839242,0.6699891174231567,0.057142857142854095,0.1,0.28571428571428575
72.90000000000013,0.00128492730645402,0.6799632787981378,0.08571428571428112,0.1,0.28571428571428575
73.00000000000013,0.00228322751632426,0.6899129820175802,0.11428571428570819,0.1,0.28571428571428575
73.10000000000012,0.0035653588436843076,0.6998301054272896,0.14285714285713522,0.1,0.28571428571428575
73.20000000000012,0.005130274721913908,0.7097065539670264,0.17142857142856224,0.1,0.28571428571428575
73.30000000000011,0.006976697755564698,0.7195342657782677,0.19999999999998933,0.1,0.28571428571428575
73.4000000000001,0.009103120763060968,0.7293052187848682,0.22857142857141638,0.1,0.28571428571428575
73.5000000000001,0.011507808006968767,0.7390114372412495,0.2571428571428434,0.1,0.28571428571428575
73.6000000000001,0.014188796610827392,0.7486449982427683,0.28571428571427043,0.1,0.28571428571428575
73.70000000000009,0.01714389816138906,0.7581980381929555,0.3142857142856975,0.1,0.28571428571428575
73.80000000000008,0.020370700494956873,0.767662759222341,0.3428571428571245,0.1,0.28571428571428575
73.90000000000008,0.023866569666364024,0.7770314355536275,0.37142857142855157,0.1,0.28571428571428575
74.00000000000007,0.02762865209898735,0.7862964198080209,0.39999999999997865,0.1,0.28571428571428575
74.10000000000007,0.031653876914038315,0.7954501492475609,0.4285714285714057,0.1,0.28571428571428575
74.20000000000006,0.035938958437233215,0.8044851519483672,0.45714285714283276,0.1,0.28571428571428575
74.30000000000005,0.04048039888079352,0.8133940528997531,0.48571428571425973,0.1,0.28571428571428575
74.40000000000005,0.045274491198587896,0.8221695800242322,0.5142857142856868,0.1,0.28571428571428575
74.50000000000004,0.050317322112087726,0.8308045701135063,0.5428571428571138,0.1,0.28571428571428575
74.60000000000004,0.05560477530466157,0.839291974675582,0.5714285714285409,0.1,0.28571428571428575
74.70000000000003,0.061132534781606185,0.847624865688253,0.5999999999999679,0.1,0.28571428571428575
74.80000000000003,0.06689608839316735,0.855796441254242,0.628571428571395,0.1,0.28571428571428575
74.90000000000002,0.07289073151767644,0.8638000311533923,0.6571428571428221,0.1,0.28571428571428575
75.00000000000001,0.07911157090179743,0.8716291022873758,0.685714285714249,0.1,0.28571428571428575
75.10000000000001,0.08555352865474741,0.8792772640124714,0.7142857142856761,0.1,0.28571428571428575
75.2,0.09221134639323098,0.8867382733560614,0.7428571428571031,0.1,0.28571428571428575
75.3,0.09907958953370721,0.8940060401125907,0.7714285714285302,0.1,0.28571428571428575
75.39999999999999,0.10615265172848132,0.9010746318148225,0.7999999999999573,0.1,0.28571428571428575
75.49999999999999,0.11342475944200489,0.9079382785763424,0.8285714285713843,0.1,0.28571428571428575
75.59999999999998,0.1208899766636442,0.9145913778013459,0.8571428571428114,0.1,0.28571428571428575
75.69999999999997,0.12854220975307507,0.9210284987578778,0.8857142857142384,0.1,0.28571428571428575
75.79999999999997,0.13637521241434367,0.9272443870107802,0.9142857142856655,0.1,0.28571428571428575
75.89999999999996,0.14438259079453666,0.933233968710734,0.9428571428570925,0.1,0.28571428571428575
75.99999999999996,0.15255780870289873,0.9389923547358976,0.9714285714285195,0.1,0.28571428571428575
76.09999999999995,0.16089419294613533,0.9445148446827536,0.9999999999999465,0.1,0.28571428571428575
76.19999999999995,0.1693849387755458,0.9497969307029122,1.0285714285713736,0.1,0.28571428571428575
76.29999999999994,0.17802311544154392,0.9548343011827367,1.0571428571428005,0.1,0.28571428571428575
76.39999999999993,0.1868016718510272,0.9596228442627905,1.0857142857142277,0.1,0.28571428571428575
76.49999999999993,0.195713442322979,0.964158651194226,1.1142857142856548,0.1,0.28571428571428575
76.59999999999992,0.2047511524376068,0.9684380195293845,1.1428571428570817,0.1,0.28571428571428575
76.69999999999992,0.2139074249742405,0.9724574561439974,1.1714285714285089,0.1,0.28571428571428575
76.79999999999991,0.22317478593314308,0.976213680088521,1.1999999999999358,0.1,0.28571428571428575
76.8999999999999,0.23254567063632026,0.979703625266281,1.228571428571363,0.1,0.28571428571428575
76.9999999999999,0.24201242990234695,0.982924442936238,1.25714285714279,0.1,0.28571428571428575
77.0999999999999,0.25156733629017275,0.985873504038333,1.285714285714217,0.1,0.28571428571428575
77.19999999999989,0.26120259040680877,0.9885484013395116,1.3142857142856441,0.1,0.28571428571428575
77.29999999999988,0.2709103272737447,0.9909469513986799,1.342857142857071,0.1,0.28571428571428575
77.39999999999988,0.28068262274690364,0.9930671963489834,1.371428571428498,0.1,0.28571428571428575
77.49999999999987,0.2905114999848897,0.9949074054959566,1.399999999999925,0.1,0.28571428571428575
77.59999999999987,0.30038893596025434,0.9964660767302396,1.4285714285713522,0.1,0.28571428571428575
77.69999999999986,0.31030686800845897,0.9977419377537057,1.4571428571427791,0.1,0.28571428571428575
77.79999999999986,0.32025720040919575,0.9987339471180018,1.4857142857142063,0.1,0.28571428571428575
77.89999999999985,0.3302318109946889,0.9994412950746524,1.5142857142856334,0.1,0.28571428571428575
77.99999999999984,0.34022255777958355,0.9998634042360338,1.5428571428570603,0.1,0.28571428571428575
78.09999999999984,0.35,1.0,1.5707963267948966,0.1,0.0
78.19999999999983,0.35,1.0,1.5707963267948966,0.1,0.0
78.29999999999983,0.35,1.0,1.5707963267948966,0.1,0.0
78.39999999999982,0.35,1.0,1.5707963267948966,0.1,0.0
78.49999999999982,0.35,1.0,1.5707963267948966,0.1,0.0
78.59999999999981,0.35,1.0,1.5707963267948966,0.1,0.0
78.6999999999998,0.35,1.0,1.5707963267948966,0.1,0.0
78.7999999999998,0.35,1.0,1.5707963267948966,0.1,0.0
78.89999999999979,0.35,1.0,1.5707963267948966,0.1,0.0
78.99999999999979,0.35,1.0,1.5707963267948966,0.1,0.0
79.09999999999978,0.35,1.0,1.5707963267948966,0.1,0.0
79.19999999999978,0.35,1.0,1.5707963267948966,0.1,0.0
79.29999999999977,0.35,1.0,1.5707963267948966,0.1,0.0
79.39999999999976,0.35,1.0,1.5707963267948966,0.1,0.0
79.49999999999976,0.35,1.0,1.5707963267948966,0.1,0.0
79.59999999999975,0.35,1.0,1.5707963267948966,0.1,0.0
79.69999999999975,0.35,1.0,1.5707963267948966,0.1,0.0
79.79999999999974,0.35,1.0,1.5707963267948966,0.1,0.0
79.89999999999974,0.35,1.0,1.5707963267948966,0.1,0.0
79.99999999999973,0.35,1.0,1.5707963267948966,0.1,0.0
80.09999999999972,0.35,1.0,1.5707963267948966,0.1,0.0
80.19999999999972,0.35,1.0,1.5707963267948966,0.1,0.0
80.29999999999971,0.35,1.0,1.5707963267948966,0.1,0.0
80.39999999999971,0.35,1.0,1.5707963267948966,0.1,0.0
80.4999999999997,0.35,1.0,1.5707963267948966,0.1,0.0
80.5999999999997,0.35,1.0,1.5707963267948966,0.1,0.0
80.69999999999969,0.35,1.0,1.5707963267948966,0.1,0.0
80.79999999999968,0.35,1.0,1.5707963267948966,0.1,0.0
80.89999999999968,0.35,1.0,1.5707963267948966,0.1,0.0
80.99999999999967,0.35,1.0,1.5707963267948966,0.1,0.0
81.09999999999967,0.35,1.0,1.5707963267948966,0.1,0.0
81.19999999999966,0.35,1.0,1.5707963267948966,0.1,0.0
81.29999999999966,0.35,1.0,1.5707963267948966,0.1,0.0
81.39999999999965,0.35,1.0,1.5707963267948966,0.1,0.0
81.49999999999964,0.35,1.0,1.5707963267948966,0.1,0.0
81.59999999999964,0.35,1.0,1.5707963267948966,0.1,0.0
81.69999999999963,0.35,1.0,1.5707963267948966,0.1,0.0
81.79999999999963,0.35,1.0,1.5707963267948966,0.1,0.0
81.89999999999962,0.35,1.0,1.5707963267948966,0.1,0.0
81.99999999999962,0.35,1.0,1.5707963267948966,0.1,0.0
82.09999999999961,0.35,1.0,1.5707963267948966,0.1,0.0
82.1999999999996,0.35,1.0,1.5707963267948966,0.1,0.0
82.2999999999996,0.35,1.0,1.5707963267948966,0.1,0.0
82.3999999999996,0.35,1.0,1.5707963267948966,0.1,0.0
82.49999999999959,0.35,1.0,1.5707963267948966,0.1,0.0
82.59999999999958,0.35,1.0,1.5707963267948966,0.1,0.0
82.69999999999958,0.35,1.0,1.5707963267948966,0.1,0.0
82.79999999999957,0.35,1.0,1.5707963267948966,0.1,0.0
82.89999999999957,0.35,1.0,1.5707963267948966,0.1,0.0
82.99999999999956,0.35,1.0,1.5707963267948966,0.1,0.0
83.09999999999955,0.35,1.0,1.5707963267948966,0.1,0.0
83.19999999999955,0.35,1.0,1.5707963267948966,0.1,0.0
83.29999999999954,0.35,1.0,1.5707963267948966,0.1,0.0
83.39999999999954,0.35,1.0,1.5707963267948966,0.1,0.0
83.49999999999953,0.35,1.0,1.5707963267948966,0.1,0.0
83.59999999999953,0.35,1.0,1.5707963267948966,0.1,0.0
83.69999999999952,0.35999999999999943,1.0,1.5707963267948966,0.1,0.0
83.79999999999951,0.36999999999999883,1.0,1.5707963267948966,0.1,0.0
83.89999999999951,0.3799999999999983,1.0,1.5707963267948966,0.1,0.0
83.9999999999995,0.3899999999999977,1.0,1.5707963267948966,0.1,0.0
84.0999999999995,0.39999999999999714,1.0,1.5707963267948966,0.1,0.0
84.19999999999949,0.4099999999999966,1.0,1.5707963267948966,0.1,0.0
84.29999999999949,0.41999999999999604,1.0,1.5707963267948966,0.1,0.0
84.39999999999948,0.42999999999999544,1.0,1.5707963267948966,0.1,0.0
84.49999999999947,0.4399999999999949,1.0,1.5707963267948966,0.1,0.0
84.59999999999947,0.4499999999999943,1.0,1.5707963267948966,0.1,0.0
84.69999999999946,0.45999999999999375,1.0,1.5707963267948966,0.1,0.0
84.79999999999946,0.4699999999999932,1.0,1.5707963267948966,0.1,0.0
84.89999999999945,0.47999999999999265,1.0,1.5707963267948966,0.1,0.0
84.99999999999945,0.48999999999999205,1.0,1.5707963267948966,0.1,0.0
85.09999999999944,0.49999999999999145,1.0,1.5707963267948966,0.1,0.0
85.19999999999943,0.5099999999999909,1.0,1.5707963267948966,0.1,0.0
85.29999999999943,0.5199999999999904,1.0,1.5707963267948966,0.1,0.0
85.39999999999942,0.5299999999999898,1.0,1.5707963267948966,0.1,0.0
85.49999999999942,0.5399999999999892,1.0,1.5707963267948966,0.1,0.0
85.59999999999941,0.5499999999999886,1.0,1.5707963267948966,0.1,0.0
85.6999999999994,0.5599999999999881,1.0,1.5707963267948966,0.1,0.0
85.7999999999994,0.5699999999999875,1.0,1.5707963267948966,0.1,0.0
85.8999999999994,0.579999999999987,1.0,1.5707963267948966,0.1,0.0
85.99999999999939,0.5899999999999863,1.0,1.5707963267948966,0.1,0.0
86.09999999999938,0.5999999999999859,1.0,1.5707963267948966,0.1,0.0
86.19999999999938,0.6099999999999852,1.0,1.5707963267948966,0.1,0.0
86.29999999999937,0.6199999999999847,1.0,1.5707963267948966,0.1,0.0
86.39999999999937,0.6299999999999841,1.0,1.5707963267948966,0.1,0.0
86.49999999999936,0.6399999999999835,1.0,1.5707963267948966,0.1,0.0
86.59999999999935,0.649999999999983,1.0,1.5707963267948966,0.1,0.0
86.69999999999935,0.65,1.0,1.5707963267948966,0.1,0.28571428571428575
86.79999999999934,0.65,1.0,1.5707963267948966,0.1,0.28571428571428575
86.89999999999934,0.65,1.0,1.5707963267948966,0.1,0.28571428571428575
86.99999999999933,0.65,1.0,1.5707963267948966,0.1,0.28571428571428575
87.09999999999933,0.65,1.0,1.5707963267948966,0.1,0.28571428571428575
87.19999999999932,0.65,1.0,1.5707963267948966,0.1,0.28571428571428575
87.29999999999932,0.65,1.0,1.5707963267948966,0.1,0.28571428571428575
87.39999999999931,0.65,1.0,1.5707963267948966,0.1,0.28571428571428575
87.4999999999993,0.65,1.0,1.5707963267948966,0.1,0.28571428571428575
87.5999999999993,0.65,1.0,1.5707963267948966,0.1,0.28571428571428575
87.69999999999929,0.65,1.0,1.5707963267948966,0.1,0.28571428571428575
87.79999999999929,0.65,1.0,1.5707963267948966,0.1,0.28571428571428575
87.89999999999928,0.65,1.0,1.5707963267948966,0.1,0.28571428571428575
87.99999999999928,0.65,1.0,1.5707963267948966,0.1,0.28571428571428575
88.09999999999927,0.65,1.0,1.5707963267948966,0.1,0.28571428571428575
88.19999999999926,0.65,1.0,1.5707963267948966,0.1,0.28571428571428575
88.29999999999926,0.65,1.0,1.5707963267948966,0.1,0.28571428571428575
88.39999999999925,0.65,1.0,1.5707963267948966,0.1,0.28571428571428575
